account_id,customer_id,account_type,open_date,currency
ACC_00001,CUST_00638,Savings,2021-09-20 15:43:00,USD
ACC_00002,CUST_00896,Savings,2023-05-24 10:44:04,USD
ACC_00003,CUST_00208,Credit Card,2019-02-12 23:37:13,USD
ACC_00004,CUST_00514,Savings,2020-10-15 08:52:29,USD
ACC_00005,CUST_00533,Savings,2022-02-10 17:41:21,USD
ACC_00006,CUST_00349,Credit Card,2020-10-16 01:48:08,USD
ACC_00007,CUST_00636,Credit Card,2023-03-03 04:47:35,USD
ACC_00008,CUST_00372,Savings,2020-07-03 20:45:31,USD
ACC_00009,CUST_00364,Checking,2020-12-20 15:56:02,USD
ACC_00010,CUST_01440,Savings,2021-04-14 08:06:00,USD
ACC_00011,CUST_00508,Checking,2022-03-22 17:30:11,USD
ACC_00012,CUST_00314,Checking,2021-06-15 16:48:53,USD
ACC_00013,CUST_00313,Credit Card,2022-10-04 09:44:33,USD
ACC_00014,CUST_01464,Credit Card,2019-01-18 14:19:35,USD
ACC_00015,CUST_01248,Savings,2019-05-23 05:32:37,USD
ACC_00016,CUST_00632,Savings,2021-08-03 14:53:09,USD
ACC_00017,CUST_00627,Savings,2021-11-10 15:52:00,USD
ACC_00018,CUST_00708,Savings,2019-10-31 16:38:14,USD
ACC_00019,CUST_00844,Savings,2020-03-12 07:54:43,USD
ACC_00020,CUST_01418,Checking,2019-10-07 12:43:47,USD
ACC_00021,CUST_00307,Credit Card,2019-05-24 23:34:02,USD
ACC_00022,CUST_00800,Savings,2019-09-25 16:49:13,USD
ACC_00023,CUST_00823,Savings,2019-01-07 17:25:37,USD
ACC_00024,CUST_01024,Checking,2021-12-21 20:43:57,USD
ACC_00025,CUST_00696,Credit Card,2022-05-24 14:37:03,USD
ACC_00026,CUST_00305,Checking,2020-06-14 13:13:50,USD
ACC_00027,CUST_00162,Checking,2019-02-18 09:03:41,USD
ACC_00028,CUST_00361,Savings,2019-03-07 21:31:12,USD
ACC_00029,CUST_00561,Checking,2021-11-04 00:56:24,USD
ACC_00030,CUST_00240,Credit Card,2023-11-13 09:38:09,USD
ACC_00031,CUST_00774,Savings,2019-09-18 11:53:35,USD
ACC_00032,CUST_00991,Credit Card,2022-07-25 12:50:43,USD
ACC_00033,CUST_01192,Credit Card,2021-04-04 18:57:56,USD
ACC_00034,CUST_00966,Checking,2021-07-02 02:17:05,USD
ACC_00035,CUST_00473,Credit Card,2022-08-30 08:06:10,USD
ACC_00036,CUST_00130,Checking,2021-12-31 23:15:40,USD
ACC_00037,CUST_00929,Savings,2019-12-19 02:39:17,USD
ACC_00038,CUST_01242,Checking,2019-03-03 22:12:20,USD
ACC_00039,CUST_00375,Savings,2021-07-24 15:58:00,USD
ACC_00040,CUST_00641,Savings,2019-07-19 00:51:34,USD
ACC_00041,CUST_00849,Checking,2020-08-18 13:13:35,USD
ACC_00042,CUST_00867,Savings,2021-04-11 20:20:32,USD
ACC_00043,CUST_01433,Savings,2020-12-05 13:23:57,USD
ACC_00044,CUST_01111,Checking,2022-06-10 07:52:39,USD
ACC_00045,CUST_01476,Credit Card,2022-07-07 00:37:21,USD
ACC_00046,CUST_01262,Savings,2021-11-13 04:31:26,USD
ACC_00047,CUST_00109,Savings,2022-01-14 14:59:47,USD
ACC_00048,CUST_01301,Credit Card,2023-02-26 09:54:26,USD
ACC_00049,CUST_01262,Savings,2019-11-01 08:08:38,USD
ACC_00050,CUST_00260,Checking,2021-07-05 02:22:33,USD
ACC_00051,CUST_01050,Checking,2019-01-07 13:45:23,USD
ACC_00052,CUST_01169,Checking,2019-02-27 23:19:59,USD
ACC_00053,CUST_01244,Checking,2022-01-08 09:28:55,USD
ACC_00054,CUST_01144,Credit Card,2021-10-30 03:03:48,USD
ACC_00055,CUST_01393,Credit Card,2021-07-19 11:35:41,USD
ACC_00056,CUST_00373,Checking,2023-10-12 04:52:56,USD
ACC_00057,CUST_00065,Credit Card,2021-11-12 16:30:31,USD
ACC_00058,CUST_00933,Checking,2020-07-25 00:08:33,USD
ACC_00059,CUST_00569,Savings,2020-02-05 01:47:14,USD
ACC_00060,CUST_01264,Credit Card,2022-06-27 08:08:51,USD
ACC_00061,CUST_01095,Checking,2019-03-31 12:08:30,USD
ACC_00062,CUST_01243,Savings,2020-10-20 19:56:35,USD
ACC_00063,CUST_01219,Credit Card,2019-02-03 07:53:31,USD
ACC_00064,CUST_00268,Savings,2023-08-09 21:39:06,USD
ACC_00065,CUST_00746,Checking,2019-02-13 19:51:57,USD
ACC_00066,CUST_00656,Savings,2019-04-25 13:59:01,USD
ACC_00067,CUST_00280,Checking,2022-06-09 08:40:58,USD
ACC_00068,CUST_00062,Credit Card,2023-03-10 02:54:13,USD
ACC_00069,CUST_00115,Savings,2022-07-23 03:32:11,USD
ACC_00070,CUST_01360,Checking,2022-10-07 16:18:59,USD
ACC_00071,CUST_00834,Credit Card,2020-08-27 12:11:59,USD
ACC_00072,CUST_00967,Checking,2020-03-29 21:46:04,USD
ACC_00073,CUST_00346,Credit Card,2021-04-25 20:52:35,USD
ACC_00074,CUST_00110,Savings,2020-12-03 23:38:47,USD
ACC_00075,CUST_01148,Savings,2023-02-12 15:15:18,USD
ACC_00076,CUST_01164,Credit Card,2021-05-25 12:22:01,USD
ACC_00077,CUST_01405,Credit Card,2020-07-20 05:33:36,USD
ACC_00078,CUST_00041,Savings,2021-08-08 12:43:06,USD
ACC_00079,CUST_00425,Credit Card,2021-03-09 23:54:45,USD
ACC_00080,CUST_00715,Savings,2022-12-07 07:40:42,USD
ACC_00081,CUST_00582,Checking,2021-12-12 21:31:38,USD
ACC_00082,CUST_01236,Savings,2021-08-16 03:41:21,USD
ACC_00083,CUST_00773,Savings,2020-05-23 18:57:35,USD
ACC_00084,CUST_01274,Savings,2019-12-05 00:33:07,USD
ACC_00085,CUST_00693,Savings,2023-12-13 00:52:57,USD
ACC_00086,CUST_00304,Checking,2022-01-17 02:32:54,USD
ACC_00087,CUST_00331,Credit Card,2021-08-27 11:21:57,USD
ACC_00088,CUST_00282,Credit Card,2022-10-05 19:24:13,USD
ACC_00089,CUST_00849,Credit Card,2019-02-06 15:52:14,USD
ACC_00090,CUST_00433,Credit Card,2021-01-12 19:48:02,USD
ACC_00091,CUST_00634,Savings,2022-10-15 21:52:46,USD
ACC_00092,CUST_00079,Savings,2019-02-14 01:13:38,USD
ACC_00093,CUST_01424,Savings,2021-04-10 22:59:39,USD
ACC_00094,CUST_01345,Savings,2022-10-06 07:19:54,USD
ACC_00095,CUST_01042,Savings,2021-01-19 00:24:30,USD
ACC_00096,CUST_00601,Savings,2022-03-15 03:56:09,USD
ACC_00097,CUST_00723,Checking,2020-05-04 11:23:37,USD
ACC_00098,CUST_01258,Credit Card,2021-01-21 15:10:34,USD
ACC_00099,CUST_00179,Checking,2019-01-28 10:57:48,USD
ACC_00100,CUST_00623,Credit Card,2020-10-03 04:00:39,USD
ACC_00101,CUST_00874,Credit Card,2022-06-19 18:11:35,USD
ACC_00102,CUST_00673,Credit Card,2019-12-08 18:43:09,USD
ACC_00103,CUST_00351,Credit Card,2023-05-08 07:31:26,USD
ACC_00104,CUST_00508,Checking,2020-09-05 04:41:25,USD
ACC_00105,CUST_00937,Credit Card,2021-12-25 09:15:49,USD
ACC_00106,CUST_00381,Checking,2021-05-03 12:58:48,USD
ACC_00107,CUST_01297,Savings,2019-04-22 03:48:52,USD
ACC_00108,CUST_00823,Credit Card,2023-08-09 02:45:05,USD
ACC_00109,CUST_00559,Savings,2023-09-30 09:59:14,USD
ACC_00110,CUST_00165,Savings,2022-06-30 18:43:29,USD
ACC_00111,CUST_00929,Credit Card,2023-04-05 10:54:27,USD
ACC_00112,CUST_00073,Savings,2020-07-16 06:10:09,USD
ACC_00113,CUST_00742,Credit Card,2020-06-29 15:25:28,USD
ACC_00114,CUST_00204,Checking,2019-12-20 07:53:09,USD
ACC_00115,CUST_00364,Credit Card,2019-09-08 15:26:10,USD
ACC_00116,CUST_00237,Credit Card,2022-03-29 17:31:16,USD
ACC_00117,CUST_00336,Credit Card,2019-05-18 04:15:29,USD
ACC_00118,CUST_01395,Savings,2021-12-28 03:11:45,USD
ACC_00119,CUST_01332,Savings,2019-01-23 21:25:28,USD
ACC_00120,CUST_00551,Checking,2020-12-26 02:06:03,USD
ACC_00121,CUST_00864,Credit Card,2020-05-31 13:38:22,USD
ACC_00122,CUST_00703,Savings,2020-01-11 04:14:37,USD
ACC_00123,CUST_01312,Checking,2019-04-26 06:09:57,USD
ACC_00124,CUST_00596,Checking,2022-02-15 04:26:32,USD
ACC_00125,CUST_00581,Checking,2022-05-02 20:58:14,USD
ACC_00126,CUST_01473,Savings,2020-02-12 11:30:44,USD
ACC_00127,CUST_00938,Savings,2019-03-14 17:04:11,USD
ACC_00128,CUST_01441,Checking,2020-12-08 13:33:46,USD
ACC_00129,CUST_01031,Checking,2023-12-03 07:56:47,USD
ACC_00130,CUST_01074,Checking,2021-01-27 20:47:21,USD
ACC_00131,CUST_00862,Credit Card,2021-04-27 16:06:00,USD
ACC_00132,CUST_00782,Checking,2020-06-23 15:59:32,USD
ACC_00133,CUST_00920,Checking,2021-06-22 22:03:24,USD
ACC_00134,CUST_01027,Credit Card,2022-01-20 08:06:55,USD
ACC_00135,CUST_01412,Credit Card,2019-06-03 18:06:38,USD
ACC_00136,CUST_00803,Savings,2022-12-12 11:25:02,USD
ACC_00137,CUST_00446,Credit Card,2019-09-09 03:58:00,USD
ACC_00138,CUST_00472,Credit Card,2021-07-29 01:38:10,USD
ACC_00139,CUST_01272,Credit Card,2020-10-09 14:40:20,USD
ACC_00140,CUST_00975,Savings,2019-06-12 09:45:57,USD
ACC_00141,CUST_00731,Credit Card,2021-10-20 09:01:07,USD
ACC_00142,CUST_01069,Checking,2023-09-15 06:57:10,USD
ACC_00143,CUST_00199,Credit Card,2023-04-10 04:40:26,USD
ACC_00144,CUST_00306,Savings,2022-04-15 09:54:57,USD
ACC_00145,CUST_00832,Credit Card,2020-09-08 07:46:53,USD
ACC_00146,CUST_01086,Checking,2019-08-13 16:43:31,USD
ACC_00147,CUST_00022,Savings,2019-01-30 08:26:16,USD
ACC_00148,CUST_01080,Credit Card,2023-06-04 22:58:41,USD
ACC_00149,CUST_01324,Savings,2019-11-10 12:44:27,USD
ACC_00150,CUST_01227,Credit Card,2019-03-30 10:09:27,USD
ACC_00151,CUST_00268,Credit Card,2021-10-10 06:40:52,USD
ACC_00152,CUST_00671,Credit Card,2021-05-20 06:20:39,USD
ACC_00153,CUST_00555,Checking,2021-08-01 17:20:45,USD
ACC_00154,CUST_01187,Checking,2020-04-03 10:14:54,USD
ACC_00155,CUST_01054,Credit Card,2020-12-31 22:24:11,USD
ACC_00156,CUST_01002,Savings,2019-11-12 21:40:38,USD
ACC_00157,CUST_00758,Credit Card,2019-05-03 11:04:34,USD
ACC_00158,CUST_00754,Credit Card,2022-05-23 05:15:04,USD
ACC_00159,CUST_00860,Credit Card,2023-09-05 00:59:28,USD
ACC_00160,CUST_00921,Savings,2022-11-14 17:59:46,USD
ACC_00161,CUST_00468,Savings,2020-05-21 15:47:48,USD
ACC_00162,CUST_00793,Checking,2021-03-14 19:32:53,USD
ACC_00163,CUST_00893,Credit Card,2019-02-28 15:02:03,USD
ACC_00164,CUST_01099,Savings,2023-11-22 09:42:36,USD
ACC_00165,CUST_00533,Savings,2021-11-08 10:46:46,USD
ACC_00166,CUST_01485,Credit Card,2020-06-08 20:23:21,USD
ACC_00167,CUST_01435,Savings,2021-05-24 09:09:31,USD
ACC_00168,CUST_01182,Savings,2019-09-23 03:35:47,USD
ACC_00169,CUST_00640,Credit Card,2021-06-14 19:02:47,USD
ACC_00170,CUST_00619,Savings,2021-07-16 22:06:31,USD
ACC_00171,CUST_00265,Checking,2023-06-27 06:50:15,USD
ACC_00172,CUST_01006,Credit Card,2020-09-24 02:29:01,USD
ACC_00173,CUST_01314,Savings,2023-12-10 03:00:15,USD
ACC_00174,CUST_01339,Savings,2023-02-16 14:36:03,USD
ACC_00175,CUST_01084,Savings,2023-08-26 23:33:20,USD
ACC_00176,CUST_01476,Savings,2020-01-19 18:16:54,USD
ACC_00177,CUST_00514,Checking,2020-01-17 04:32:37,USD
ACC_00178,CUST_00464,Credit Card,2020-07-27 07:25:03,USD
ACC_00179,CUST_00514,Savings,2022-10-01 00:38:19,USD
ACC_00180,CUST_01345,Credit Card,2019-01-24 00:11:00,USD
ACC_00181,CUST_01032,Checking,2022-08-08 20:49:12,USD
ACC_00182,CUST_01198,Savings,2022-12-15 02:30:07,USD
ACC_00183,CUST_00959,Savings,2022-11-24 05:23:31,USD
ACC_00184,CUST_00086,Checking,2022-11-30 16:23:44,USD
ACC_00185,CUST_00679,Checking,2022-05-09 01:49:03,USD
ACC_00186,CUST_01331,Savings,2021-09-15 01:47:55,USD
ACC_00187,CUST_00206,Credit Card,2022-07-07 11:08:58,USD
ACC_00188,CUST_00060,Savings,2021-04-21 20:42:13,USD
ACC_00189,CUST_01473,Credit Card,2023-05-27 18:05:42,USD
ACC_00190,CUST_00265,Checking,2021-07-24 07:56:28,USD
ACC_00191,CUST_01403,Savings,2020-11-04 13:43:54,USD
ACC_00192,CUST_00462,Savings,2019-07-19 14:20:19,USD
ACC_00193,CUST_01311,Savings,2021-03-25 11:21:18,USD
ACC_00194,CUST_00885,Credit Card,2020-12-12 11:33:13,USD
ACC_00195,CUST_01030,Credit Card,2023-09-08 12:27:23,USD
ACC_00196,CUST_00476,Checking,2020-09-24 15:47:42,USD
ACC_00197,CUST_01194,Savings,2021-11-20 13:41:43,USD
ACC_00198,CUST_00225,Checking,2020-05-15 19:29:34,USD
ACC_00199,CUST_01491,Credit Card,2023-03-25 06:24:20,USD
ACC_00200,CUST_01058,Checking,2023-08-21 08:15:57,USD
ACC_00201,CUST_01093,Savings,2019-09-26 14:30:32,USD
ACC_00202,CUST_01184,Checking,2022-01-25 16:48:14,USD
ACC_00203,CUST_00949,Checking,2020-02-25 15:10:37,USD
ACC_00204,CUST_00086,Credit Card,2021-10-04 20:23:41,USD
ACC_00205,CUST_00698,Savings,2022-04-12 03:06:01,USD
ACC_00206,CUST_00560,Savings,2022-03-26 08:58:55,USD
ACC_00207,CUST_00224,Credit Card,2019-01-30 12:10:07,USD
ACC_00208,CUST_00764,Savings,2020-05-22 00:45:02,USD
ACC_00209,CUST_00828,Savings,2020-08-12 17:31:37,USD
ACC_00210,CUST_00695,Checking,2021-03-11 12:14:43,USD
ACC_00211,CUST_00943,Credit Card,2023-10-22 14:30:28,USD
ACC_00212,CUST_01080,Credit Card,2023-01-13 10:19:35,USD
ACC_00213,CUST_01247,Checking,2023-06-10 18:06:00,USD
ACC_00214,CUST_00538,Savings,2019-06-28 08:02:25,USD
ACC_00215,CUST_01057,Savings,2020-06-27 22:56:50,USD
ACC_00216,CUST_00323,Savings,2019-09-04 04:17:29,USD
ACC_00217,CUST_00378,Credit Card,2022-07-24 12:35:40,USD
ACC_00218,CUST_00861,Credit Card,2020-04-04 19:58:00,USD
ACC_00219,CUST_00385,Checking,2019-06-01 20:08:49,USD
ACC_00220,CUST_00875,Credit Card,2022-07-26 10:45:43,USD
ACC_00221,CUST_01430,Checking,2019-09-25 07:45:18,USD
ACC_00222,CUST_01030,Savings,2022-06-23 12:00:25,USD
ACC_00223,CUST_00719,Credit Card,2019-06-03 17:21:16,USD
ACC_00224,CUST_00980,Savings,2020-06-26 03:06:50,USD
ACC_00225,CUST_00490,Credit Card,2023-02-14 21:23:31,USD
ACC_00226,CUST_01494,Checking,2022-02-22 05:51:07,USD
ACC_00227,CUST_01233,Checking,2021-10-09 16:42:36,USD
ACC_00228,CUST_01268,Credit Card,2020-04-17 20:38:45,USD
ACC_00229,CUST_01139,Credit Card,2023-09-07 18:00:36,USD
ACC_00230,CUST_00137,Savings,2021-04-04 18:58:30,USD
ACC_00231,CUST_00908,Checking,2019-03-21 17:01:17,USD
ACC_00232,CUST_00816,Credit Card,2023-07-11 08:44:49,USD
ACC_00233,CUST_01162,Credit Card,2021-05-31 20:52:25,USD
ACC_00234,CUST_00249,Checking,2023-08-21 00:30:15,USD
ACC_00235,CUST_01160,Savings,2022-01-03 12:01:44,USD
ACC_00236,CUST_01273,Savings,2020-08-20 01:17:50,USD
ACC_00237,CUST_01254,Credit Card,2020-05-30 03:27:10,USD
ACC_00238,CUST_01472,Credit Card,2021-12-26 07:40:54,USD
ACC_00239,CUST_00740,Savings,2022-02-06 00:31:04,USD
ACC_00240,CUST_01100,Savings,2020-04-21 03:26:26,USD
ACC_00241,CUST_00984,Credit Card,2022-11-04 02:49:23,USD
ACC_00242,CUST_01073,Credit Card,2022-10-25 15:36:18,USD
ACC_00243,CUST_00661,Credit Card,2020-02-17 01:17:13,USD
ACC_00244,CUST_00722,Checking,2021-07-23 08:24:03,USD
ACC_00245,CUST_00207,Checking,2022-07-29 07:28:14,USD
ACC_00246,CUST_00719,Checking,2021-11-10 11:35:57,USD
ACC_00247,CUST_00659,Checking,2022-12-07 14:45:32,USD
ACC_00248,CUST_00919,Credit Card,2021-10-21 16:19:33,USD
ACC_00249,CUST_00869,Credit Card,2022-09-20 00:34:01,USD
ACC_00250,CUST_00267,Savings,2023-09-28 00:18:21,USD
ACC_00251,CUST_01470,Savings,2019-06-21 08:11:20,USD
ACC_00252,CUST_01187,Checking,2022-11-23 13:23:43,USD
ACC_00253,CUST_00962,Checking,2023-11-27 06:52:25,USD
ACC_00254,CUST_00488,Checking,2019-07-24 15:42:07,USD
ACC_00255,CUST_01112,Checking,2020-02-10 11:16:25,USD
ACC_00256,CUST_01268,Checking,2023-02-18 20:13:48,USD
ACC_00257,CUST_01025,Savings,2021-05-31 21:39:49,USD
ACC_00258,CUST_01355,Savings,2019-05-02 01:30:32,USD
ACC_00259,CUST_00754,Credit Card,2020-02-01 23:05:02,USD
ACC_00260,CUST_00233,Savings,2019-11-28 00:12:12,USD
ACC_00261,CUST_01104,Checking,2019-07-18 20:01:30,USD
ACC_00262,CUST_01159,Credit Card,2019-04-22 13:05:26,USD
ACC_00263,CUST_01138,Savings,2019-06-07 22:39:51,USD
ACC_00264,CUST_01196,Savings,2023-07-19 02:18:37,USD
ACC_00265,CUST_00202,Checking,2023-03-05 15:57:07,USD
ACC_00266,CUST_00905,Credit Card,2020-05-11 14:42:09,USD
ACC_00267,CUST_00013,Savings,2020-07-30 08:55:32,USD
ACC_00268,CUST_00579,Checking,2019-10-07 12:10:14,USD
ACC_00269,CUST_00463,Savings,2023-10-29 22:49:16,USD
ACC_00270,CUST_00392,Credit Card,2022-04-10 16:59:17,USD
ACC_00271,CUST_00076,Checking,2023-07-02 11:13:18,USD
ACC_00272,CUST_00158,Checking,2020-06-23 02:41:21,USD
ACC_00273,CUST_01500,Credit Card,2023-10-27 22:30:40,USD
ACC_00274,CUST_00116,Credit Card,2023-06-29 20:35:47,USD
ACC_00275,CUST_00345,Credit Card,2021-12-16 22:35:26,USD
ACC_00276,CUST_00154,Checking,2020-07-31 04:23:45,USD
ACC_00277,CUST_01464,Credit Card,2019-05-11 06:26:19,USD
ACC_00278,CUST_00115,Credit Card,2019-10-29 00:14:25,USD
ACC_00279,CUST_01297,Checking,2021-11-26 22:10:17,USD
ACC_00280,CUST_00666,Savings,2022-06-11 17:07:14,USD
ACC_00281,CUST_00376,Credit Card,2020-12-08 20:23:42,USD
ACC_00282,CUST_00141,Checking,2022-10-13 15:06:07,USD
ACC_00283,CUST_00102,Savings,2021-01-27 17:27:25,USD
ACC_00284,CUST_00003,Credit Card,2022-04-05 09:09:41,USD
ACC_00285,CUST_01358,Credit Card,2022-01-24 00:27:29,USD
ACC_00286,CUST_00183,Savings,2021-10-29 05:55:45,USD
ACC_00287,CUST_01075,Savings,2019-03-15 14:21:41,USD
ACC_00288,CUST_01219,Credit Card,2021-03-24 17:46:52,USD
ACC_00289,CUST_00868,Credit Card,2019-11-02 02:06:07,USD
ACC_00290,CUST_00733,Credit Card,2022-04-14 02:18:30,USD
ACC_00291,CUST_00473,Checking,2022-12-10 18:18:39,USD
ACC_00292,CUST_01481,Savings,2023-12-06 11:06:54,USD
ACC_00293,CUST_00722,Credit Card,2020-07-04 05:57:09,USD
ACC_00294,CUST_00761,Credit Card,2019-12-10 00:13:08,USD
ACC_00295,CUST_00517,Savings,2021-11-23 16:30:49,USD
ACC_00296,CUST_01484,Credit Card,2022-02-24 21:26:53,USD
ACC_00297,CUST_00140,Checking,2021-04-03 23:16:10,USD
ACC_00298,CUST_00214,Credit Card,2020-07-23 15:16:08,USD
ACC_00299,CUST_00631,Credit Card,2021-03-03 18:44:40,USD
ACC_00300,CUST_00364,Credit Card,2021-02-12 12:19:08,USD
ACC_00301,CUST_00529,Credit Card,2022-06-01 06:48:26,USD
ACC_00302,CUST_01392,Credit Card,2022-09-11 23:37:35,USD
ACC_00303,CUST_00686,Credit Card,2020-05-23 09:15:58,USD
ACC_00304,CUST_00273,Credit Card,2020-03-21 06:44:55,USD
ACC_00305,CUST_00204,Savings,2020-10-14 17:20:24,USD
ACC_00306,CUST_00961,Savings,2019-06-03 14:37:52,USD
ACC_00307,CUST_00973,Credit Card,2021-06-06 05:29:38,USD
ACC_00308,CUST_01249,Savings,2020-03-07 15:38:20,USD
ACC_00309,CUST_00621,Checking,2021-07-24 17:33:28,USD
ACC_00310,CUST_01435,Savings,2021-04-03 07:45:45,USD
ACC_00311,CUST_00905,Savings,2020-07-28 00:10:28,USD
ACC_00312,CUST_00267,Checking,2019-02-24 20:56:46,USD
ACC_00313,CUST_00084,Credit Card,2021-03-02 17:46:36,USD
ACC_00314,CUST_00335,Credit Card,2021-07-10 18:35:12,USD
ACC_00315,CUST_00546,Credit Card,2023-12-02 00:16:13,USD
ACC_00316,CUST_01071,Checking,2021-11-15 00:23:06,USD
ACC_00317,CUST_01295,Checking,2023-09-18 05:03:31,USD
ACC_00318,CUST_00993,Credit Card,2019-12-13 05:46:04,USD
ACC_00319,CUST_00344,Savings,2023-07-12 11:55:34,USD
ACC_00320,CUST_00468,Checking,2023-09-21 22:37:34,USD
ACC_00321,CUST_01401,Savings,2022-12-31 13:18:53,USD
ACC_00322,CUST_01480,Credit Card,2023-10-26 16:52:38,USD
ACC_00323,CUST_01251,Checking,2023-07-16 07:48:46,USD
ACC_00324,CUST_01329,Checking,2021-11-23 18:28:50,USD
ACC_00325,CUST_00827,Savings,2022-10-30 05:50:42,USD
ACC_00326,CUST_01274,Credit Card,2022-02-15 04:21:29,USD
ACC_00327,CUST_00954,Credit Card,2021-12-05 05:45:52,USD
ACC_00328,CUST_01426,Credit Card,2021-04-20 18:32:23,USD
ACC_00329,CUST_01287,Checking,2021-07-27 13:35:04,USD
ACC_00330,CUST_00020,Credit Card,2023-08-04 01:53:07,USD
ACC_00331,CUST_00239,Credit Card,2023-09-19 12:02:12,USD
ACC_00332,CUST_01177,Savings,2021-05-06 02:38:05,USD
ACC_00333,CUST_00943,Savings,2021-09-11 23:41:39,USD
ACC_00334,CUST_00849,Credit Card,2022-01-09 10:03:43,USD
ACC_00335,CUST_01493,Savings,2022-03-31 20:21:43,USD
ACC_00336,CUST_00439,Checking,2021-03-21 18:14:26,USD
ACC_00337,CUST_01293,Savings,2021-05-31 15:44:12,USD
ACC_00338,CUST_00863,Credit Card,2023-10-15 09:55:56,USD
ACC_00339,CUST_00769,Credit Card,2022-08-06 18:27:01,USD
ACC_00340,CUST_00190,Savings,2022-04-13 22:21:15,USD
ACC_00341,CUST_00520,Credit Card,2023-02-10 03:37:50,USD
ACC_00342,CUST_00940,Savings,2020-04-28 18:38:28,USD
ACC_00343,CUST_01120,Savings,2021-05-25 11:26:19,USD
ACC_00344,CUST_01423,Checking,2019-01-05 05:06:20,USD
ACC_00345,CUST_00404,Savings,2021-04-06 14:37:49,USD
ACC_00346,CUST_01140,Savings,2020-12-25 10:45:49,USD
ACC_00347,CUST_00770,Savings,2022-09-02 05:18:04,USD
ACC_00348,CUST_00575,Credit Card,2019-05-14 08:30:24,USD
ACC_00349,CUST_01479,Savings,2020-06-26 08:29:57,USD
ACC_00350,CUST_00190,Credit Card,2023-02-08 06:43:34,USD
ACC_00351,CUST_00367,Checking,2021-05-24 23:24:54,USD
ACC_00352,CUST_00479,Credit Card,2020-11-07 17:27:35,USD
ACC_00353,CUST_00275,Credit Card,2019-06-18 02:22:04,USD
ACC_00354,CUST_01083,Credit Card,2022-11-30 00:09:53,USD
ACC_00355,CUST_00108,Credit Card,2020-11-24 09:46:30,USD
ACC_00356,CUST_01486,Credit Card,2021-08-05 21:40:47,USD
ACC_00357,CUST_00187,Savings,2023-08-03 15:57:31,USD
ACC_00358,CUST_00537,Credit Card,2020-02-12 00:51:32,USD
ACC_00359,CUST_01206,Credit Card,2022-05-08 15:23:29,USD
ACC_00360,CUST_00590,Savings,2023-06-05 05:45:49,USD
ACC_00361,CUST_00300,Checking,2023-05-21 17:50:31,USD
ACC_00362,CUST_00892,Checking,2022-12-10 13:39:21,USD
ACC_00363,CUST_00097,Savings,2022-06-07 06:55:54,USD
ACC_00364,CUST_00878,Checking,2022-02-20 16:05:33,USD
ACC_00365,CUST_01208,Checking,2022-11-11 02:22:46,USD
ACC_00366,CUST_00542,Checking,2021-12-18 18:04:41,USD
ACC_00367,CUST_00557,Checking,2021-01-08 01:42:06,USD
ACC_00368,CUST_00268,Checking,2022-04-11 01:39:23,USD
ACC_00369,CUST_01288,Savings,2020-04-14 08:12:39,USD
ACC_00370,CUST_00503,Savings,2020-06-25 21:32:22,USD
ACC_00371,CUST_00747,Savings,2020-02-03 02:39:47,USD
ACC_00372,CUST_00252,Checking,2021-12-20 09:19:38,USD
ACC_00373,CUST_00976,Credit Card,2019-10-16 18:20:04,USD
ACC_00374,CUST_00528,Checking,2019-12-02 23:57:33,USD
ACC_00375,CUST_00931,Credit Card,2021-10-13 09:57:18,USD
ACC_00376,CUST_01257,Checking,2019-09-16 10:42:34,USD
ACC_00377,CUST_00396,Credit Card,2020-08-06 02:42:08,USD
ACC_00378,CUST_00680,Checking,2022-12-13 18:17:21,USD
ACC_00379,CUST_00773,Savings,2019-06-14 07:53:13,USD
ACC_00380,CUST_00395,Savings,2022-01-06 18:03:45,USD
ACC_00381,CUST_01349,Checking,2021-05-13 15:39:16,USD
ACC_00382,CUST_00518,Savings,2022-04-30 19:35:08,USD
ACC_00383,CUST_00631,Savings,2021-11-20 19:00:39,USD
ACC_00384,CUST_00059,Savings,2020-02-01 09:20:53,USD
ACC_00385,CUST_00103,Checking,2019-07-01 23:07:09,USD
ACC_00386,CUST_01080,Savings,2021-09-08 18:20:16,USD
ACC_00387,CUST_00247,Savings,2021-08-23 02:45:13,USD
ACC_00388,CUST_00227,Credit Card,2021-07-19 07:13:36,USD
ACC_00389,CUST_01210,Checking,2022-04-01 17:13:29,USD
ACC_00390,CUST_00027,Checking,2023-04-19 13:45:22,USD
ACC_00391,CUST_00517,Credit Card,2020-12-10 00:27:20,USD
ACC_00392,CUST_00699,Checking,2020-03-08 02:01:34,USD
ACC_00393,CUST_00013,Savings,2020-10-06 16:10:00,USD
ACC_00394,CUST_01391,Savings,2019-07-27 01:25:42,USD
ACC_00395,CUST_00918,Savings,2021-07-31 03:03:37,USD
ACC_00396,CUST_01189,Checking,2019-02-05 09:35:11,USD
ACC_00397,CUST_00223,Credit Card,2019-03-17 05:09:35,USD
ACC_00398,CUST_00085,Credit Card,2022-04-16 15:54:31,USD
ACC_00399,CUST_00800,Checking,2019-09-02 07:37:06,USD
ACC_00400,CUST_00689,Checking,2019-09-07 05:55:41,USD
ACC_00401,CUST_01243,Savings,2023-05-13 10:33:23,USD
ACC_00402,CUST_01253,Credit Card,2019-05-14 19:49:37,USD
ACC_00403,CUST_01268,Credit Card,2021-04-08 12:47:41,USD
ACC_00404,CUST_00477,Checking,2021-03-22 07:47:54,USD
ACC_00405,CUST_01063,Checking,2021-08-05 11:56:50,USD
ACC_00406,CUST_01455,Credit Card,2021-03-18 13:50:19,USD
ACC_00407,CUST_01358,Credit Card,2023-12-27 12:55:21,USD
ACC_00408,CUST_00836,Credit Card,2023-07-16 23:29:22,USD
ACC_00409,CUST_00648,Checking,2020-05-08 08:48:15,USD
ACC_00410,CUST_01426,Checking,2019-10-28 04:48:34,USD
ACC_00411,CUST_00956,Checking,2021-08-09 06:05:53,USD
ACC_00412,CUST_00838,Savings,2019-04-05 15:49:03,USD
ACC_00413,CUST_01389,Checking,2019-06-22 14:22:55,USD
ACC_00414,CUST_01001,Checking,2020-10-22 10:00:57,USD
ACC_00415,CUST_00508,Credit Card,2022-02-18 00:29:19,USD
ACC_00416,CUST_00079,Checking,2022-08-22 03:45:57,USD
ACC_00417,CUST_01016,Savings,2022-10-12 20:57:45,USD
ACC_00418,CUST_01063,Savings,2022-11-14 21:01:39,USD
ACC_00419,CUST_00940,Credit Card,2021-08-11 13:49:01,USD
ACC_00420,CUST_00820,Savings,2020-04-16 07:55:32,USD
ACC_00421,CUST_00202,Checking,2023-08-08 23:31:30,USD
ACC_00422,CUST_01394,Savings,2021-04-22 04:18:41,USD
ACC_00423,CUST_00085,Checking,2022-01-29 17:40:28,USD
ACC_00424,CUST_00900,Savings,2020-12-28 19:02:12,USD
ACC_00425,CUST_00218,Credit Card,2021-05-31 10:18:17,USD
ACC_00426,CUST_01116,Savings,2023-02-24 22:27:37,USD
ACC_00427,CUST_00808,Savings,2022-12-28 23:38:37,USD
ACC_00428,CUST_00069,Checking,2021-08-21 03:13:25,USD
ACC_00429,CUST_01272,Checking,2021-11-13 22:40:41,USD
ACC_00430,CUST_00657,Credit Card,2022-11-17 03:03:57,USD
ACC_00431,CUST_00390,Credit Card,2021-07-28 01:56:40,USD
ACC_00432,CUST_01080,Credit Card,2020-04-25 03:12:12,USD
ACC_00433,CUST_00856,Savings,2019-07-28 15:15:27,USD
ACC_00434,CUST_00221,Savings,2023-10-19 16:02:41,USD
ACC_00435,CUST_01094,Credit Card,2019-04-25 17:34:56,USD
ACC_00436,CUST_00503,Checking,2019-04-23 08:44:24,USD
ACC_00437,CUST_01325,Checking,2019-03-15 05:28:55,USD
ACC_00438,CUST_00506,Savings,2022-01-30 11:51:04,USD
ACC_00439,CUST_00717,Savings,2023-12-08 07:27:35,USD
ACC_00440,CUST_00695,Savings,2021-03-15 04:27:00,USD
ACC_00441,CUST_01204,Checking,2019-01-14 02:15:35,USD
ACC_00442,CUST_00599,Checking,2019-08-18 05:49:00,USD
ACC_00443,CUST_00869,Savings,2021-01-15 20:15:05,USD
ACC_00444,CUST_00541,Checking,2021-01-05 09:46:13,USD
ACC_00445,CUST_01006,Checking,2020-08-01 19:54:42,USD
ACC_00446,CUST_00467,Savings,2020-06-25 10:57:20,USD
ACC_00447,CUST_00307,Savings,2021-05-22 22:58:50,USD
ACC_00448,CUST_00805,Credit Card,2021-02-16 22:03:10,USD
ACC_00449,CUST_01239,Checking,2019-09-12 17:37:18,USD
ACC_00450,CUST_00968,Checking,2019-06-15 07:48:55,USD
ACC_00451,CUST_00724,Credit Card,2019-12-11 09:39:33,USD
ACC_00452,CUST_00750,Credit Card,2021-02-26 12:52:48,USD
ACC_00453,CUST_00228,Savings,2021-07-20 06:28:52,USD
ACC_00454,CUST_00597,Checking,2019-02-27 17:15:17,USD
ACC_00455,CUST_01105,Credit Card,2021-02-16 09:38:44,USD
ACC_00456,CUST_00901,Credit Card,2020-05-12 13:28:36,USD
ACC_00457,CUST_01322,Checking,2019-04-14 12:58:22,USD
ACC_00458,CUST_00545,Savings,2023-11-07 00:10:52,USD
ACC_00459,CUST_01205,Savings,2021-07-25 06:15:18,USD
ACC_00460,CUST_00115,Checking,2023-04-15 16:20:50,USD
ACC_00461,CUST_00275,Checking,2022-11-03 08:30:49,USD
ACC_00462,CUST_01339,Savings,2020-02-24 13:07:13,USD
ACC_00463,CUST_01310,Credit Card,2023-12-18 07:36:12,USD
ACC_00464,CUST_00526,Checking,2022-07-21 23:51:40,USD
ACC_00465,CUST_01195,Savings,2022-10-19 05:08:31,USD
ACC_00466,CUST_01266,Credit Card,2023-10-21 05:45:57,USD
ACC_00467,CUST_00822,Credit Card,2019-10-09 03:50:54,USD
ACC_00468,CUST_00090,Savings,2019-12-19 14:40:47,USD
ACC_00469,CUST_00762,Credit Card,2020-12-11 18:37:50,USD
ACC_00470,CUST_01458,Savings,2020-06-13 23:00:04,USD
ACC_00471,CUST_00724,Savings,2023-08-22 13:16:51,USD
ACC_00472,CUST_00128,Checking,2019-06-16 16:48:14,USD
ACC_00473,CUST_00531,Checking,2021-11-08 00:12:47,USD
ACC_00474,CUST_01064,Credit Card,2020-03-06 21:23:40,USD
ACC_00475,CUST_01332,Savings,2021-04-16 15:18:43,USD
ACC_00476,CUST_00094,Credit Card,2021-11-29 18:33:34,USD
ACC_00477,CUST_00694,Credit Card,2021-04-17 01:08:29,USD
ACC_00478,CUST_00155,Credit Card,2021-01-28 11:37:10,USD
ACC_00479,CUST_00577,Savings,2023-09-22 22:31:11,USD
ACC_00480,CUST_01015,Savings,2019-01-03 00:33:59,USD
ACC_00481,CUST_00420,Credit Card,2022-09-22 04:36:46,USD
ACC_00482,CUST_00672,Credit Card,2020-04-04 06:12:58,USD
ACC_00483,CUST_00160,Checking,2020-12-29 06:12:39,USD
ACC_00484,CUST_00540,Savings,2022-04-17 21:59:32,USD
ACC_00485,CUST_00150,Savings,2020-08-27 05:15:59,USD
ACC_00486,CUST_00441,Checking,2022-12-18 04:53:35,USD
ACC_00487,CUST_01164,Credit Card,2020-09-13 06:41:29,USD
ACC_00488,CUST_01401,Checking,2020-01-22 10:00:03,USD
ACC_00489,CUST_00184,Checking,2019-12-13 05:23:02,USD
ACC_00490,CUST_00610,Savings,2023-09-29 12:30:59,USD
ACC_00491,CUST_00540,Credit Card,2021-12-31 20:23:21,USD
ACC_00492,CUST_00665,Checking,2019-03-03 09:22:32,USD
ACC_00493,CUST_00902,Savings,2019-02-12 22:08:48,USD
ACC_00494,CUST_00757,Savings,2020-08-23 23:08:29,USD
ACC_00495,CUST_00128,Savings,2019-08-24 11:32:19,USD
ACC_00496,CUST_01092,Checking,2021-06-08 01:13:00,USD
ACC_00497,CUST_01367,Credit Card,2023-06-23 17:05:03,USD
ACC_00498,CUST_00901,Checking,2023-11-18 20:32:05,USD
ACC_00499,CUST_00725,Savings,2023-10-03 12:30:57,USD
ACC_00500,CUST_00788,Credit Card,2020-05-25 03:06:02,USD
ACC_00501,CUST_00939,Checking,2021-07-25 20:57:39,USD
ACC_00502,CUST_00457,Checking,2022-06-10 01:13:52,USD
ACC_00503,CUST_01130,Checking,2022-04-06 14:46:42,USD
ACC_00504,CUST_01307,Credit Card,2022-03-23 19:25:30,USD
ACC_00505,CUST_00534,Savings,2021-08-20 04:50:08,USD
ACC_00506,CUST_00361,Savings,2023-06-25 10:44:13,USD
ACC_00507,CUST_01022,Savings,2020-09-20 16:15:41,USD
ACC_00508,CUST_00443,Savings,2020-12-01 18:34:48,USD
ACC_00509,CUST_00412,Checking,2022-02-04 16:25:17,USD
ACC_00510,CUST_00278,Credit Card,2022-06-24 06:55:54,USD
ACC_00511,CUST_01370,Checking,2023-10-25 00:16:53,USD
ACC_00512,CUST_01062,Checking,2021-03-19 01:52:36,USD
ACC_00513,CUST_00733,Savings,2019-07-20 02:14:18,USD
ACC_00514,CUST_00980,Savings,2023-09-30 08:10:52,USD
ACC_00515,CUST_00984,Credit Card,2022-01-16 03:15:18,USD
ACC_00516,CUST_00490,Credit Card,2023-03-06 22:56:28,USD
ACC_00517,CUST_00197,Checking,2023-07-22 12:05:21,USD
ACC_00518,CUST_00030,Credit Card,2023-05-17 23:45:42,USD
ACC_00519,CUST_00817,Savings,2019-12-14 09:42:38,USD
ACC_00520,CUST_01058,Credit Card,2020-12-22 07:09:32,USD
ACC_00521,CUST_01057,Credit Card,2023-08-21 00:53:04,USD
ACC_00522,CUST_01390,Savings,2022-04-20 04:54:44,USD
ACC_00523,CUST_01413,Checking,2019-05-08 20:44:24,USD
ACC_00524,CUST_00196,Credit Card,2021-09-10 15:23:31,USD
ACC_00525,CUST_01390,Checking,2019-02-18 04:07:56,USD
ACC_00526,CUST_01452,Credit Card,2021-02-20 11:03:28,USD
ACC_00527,CUST_01301,Checking,2023-11-15 17:04:39,USD
ACC_00528,CUST_01133,Credit Card,2020-03-05 16:57:12,USD
ACC_00529,CUST_00386,Checking,2023-07-21 18:50:24,USD
ACC_00530,CUST_00093,Savings,2019-02-23 01:25:34,USD
ACC_00531,CUST_01328,Savings,2019-11-15 18:30:31,USD
ACC_00532,CUST_00658,Checking,2023-08-30 11:52:59,USD
ACC_00533,CUST_00693,Checking,2020-06-17 12:04:49,USD
ACC_00534,CUST_00143,Checking,2022-10-06 00:55:29,USD
ACC_00535,CUST_00425,Checking,2021-03-19 13:07:56,USD
ACC_00536,CUST_00126,Checking,2023-04-19 20:24:15,USD
ACC_00537,CUST_00672,Credit Card,2021-11-22 00:36:21,USD
ACC_00538,CUST_00005,Credit Card,2019-08-06 10:25:49,USD
ACC_00539,CUST_00529,Credit Card,2023-10-20 07:53:17,USD
ACC_00540,CUST_01393,Savings,2023-01-09 14:17:37,USD
ACC_00541,CUST_00113,Credit Card,2019-08-30 19:29:13,USD
ACC_00542,CUST_01113,Savings,2019-07-21 10:46:46,USD
ACC_00543,CUST_00671,Checking,2020-02-24 04:33:29,USD
ACC_00544,CUST_00617,Checking,2023-09-25 14:59:23,USD
ACC_00545,CUST_00577,Credit Card,2020-02-14 23:07:16,USD
ACC_00546,CUST_00002,Checking,2022-03-19 05:22:35,USD
ACC_00547,CUST_01196,Checking,2020-01-29 15:33:09,USD
ACC_00548,CUST_01136,Credit Card,2021-05-11 10:07:16,USD
ACC_00549,CUST_00440,Checking,2019-09-23 05:47:35,USD
ACC_00550,CUST_01281,Checking,2023-03-31 23:14:27,USD
ACC_00551,CUST_01221,Checking,2019-05-22 11:28:17,USD
ACC_00552,CUST_01041,Checking,2022-03-13 06:34:34,USD
ACC_00553,CUST_01333,Checking,2022-04-20 22:33:01,USD
ACC_00554,CUST_00710,Credit Card,2020-10-17 19:18:01,USD
ACC_00555,CUST_00187,Credit Card,2021-06-12 07:17:19,USD
ACC_00556,CUST_00656,Savings,2023-01-17 09:03:04,USD
ACC_00557,CUST_00254,Checking,2023-08-04 10:36:09,USD
ACC_00558,CUST_01005,Checking,2021-07-04 21:37:05,USD
ACC_00559,CUST_01093,Checking,2019-05-21 20:23:53,USD
ACC_00560,CUST_01113,Savings,2023-06-21 00:00:15,USD
ACC_00561,CUST_00780,Checking,2022-09-10 18:32:25,USD
ACC_00562,CUST_00617,Credit Card,2020-01-02 04:51:53,USD
ACC_00563,CUST_01042,Savings,2021-02-24 07:24:49,USD
ACC_00564,CUST_00433,Savings,2020-02-19 16:51:56,USD
ACC_00565,CUST_00962,Savings,2019-10-12 03:30:48,USD
ACC_00566,CUST_00487,Savings,2021-05-17 22:36:43,USD
ACC_00567,CUST_00391,Checking,2022-02-25 05:37:11,USD
ACC_00568,CUST_01007,Credit Card,2023-05-04 06:50:20,USD
ACC_00569,CUST_01210,Credit Card,2019-02-08 14:02:45,USD
ACC_00570,CUST_00013,Savings,2019-12-23 05:50:37,USD
ACC_00571,CUST_00962,Savings,2020-08-03 19:48:40,USD
ACC_00572,CUST_00039,Checking,2021-09-07 09:52:50,USD
ACC_00573,CUST_01428,Savings,2021-02-21 05:16:58,USD
ACC_00574,CUST_01309,Savings,2022-04-12 03:08:37,USD
ACC_00575,CUST_01193,Savings,2023-07-29 12:11:17,USD
ACC_00576,CUST_00561,Credit Card,2022-11-14 06:45:53,USD
ACC_00577,CUST_01159,Savings,2023-03-28 07:29:18,USD
ACC_00578,CUST_00776,Credit Card,2021-08-26 10:12:57,USD
ACC_00579,CUST_00765,Checking,2023-06-16 05:22:52,USD
ACC_00580,CUST_00586,Savings,2022-03-09 09:03:00,USD
ACC_00581,CUST_00671,Savings,2023-05-31 13:20:14,USD
ACC_00582,CUST_00149,Savings,2023-12-11 01:12:35,USD
ACC_00583,CUST_00221,Checking,2022-12-15 03:42:40,USD
ACC_00584,CUST_00070,Savings,2021-11-22 03:46:53,USD
ACC_00585,CUST_00560,Checking,2020-04-03 11:33:38,USD
ACC_00586,CUST_00172,Savings,2021-02-28 23:01:18,USD
ACC_00587,CUST_01491,Credit Card,2023-08-22 16:50:40,USD
ACC_00588,CUST_01453,Savings,2020-10-16 10:49:15,USD
ACC_00589,CUST_00348,Credit Card,2020-04-27 07:01:20,USD
ACC_00590,CUST_01170,Checking,2020-09-01 05:52:41,USD
ACC_00591,CUST_01133,Credit Card,2021-03-29 12:32:10,USD
ACC_00592,CUST_00028,Credit Card,2020-10-21 16:58:39,USD
ACC_00593,CUST_00654,Savings,2022-07-24 22:18:05,USD
ACC_00594,CUST_00410,Credit Card,2019-07-24 03:15:27,USD
ACC_00595,CUST_00424,Savings,2021-06-30 15:06:08,USD
ACC_00596,CUST_00710,Credit Card,2020-09-14 18:54:14,USD
ACC_00597,CUST_00759,Savings,2019-11-12 16:00:11,USD
ACC_00598,CUST_00403,Checking,2020-10-10 14:25:46,USD
ACC_00599,CUST_00797,Checking,2020-04-18 10:17:13,USD
ACC_00600,CUST_01006,Checking,2020-07-04 17:13:21,USD
ACC_00601,CUST_01320,Checking,2021-09-09 08:59:47,USD
ACC_00602,CUST_00710,Checking,2019-08-11 16:30:49,USD
ACC_00603,CUST_01118,Savings,2023-07-27 09:17:18,USD
ACC_00604,CUST_00011,Savings,2019-01-08 23:18:56,USD
ACC_00605,CUST_01481,Savings,2021-01-09 16:47:48,USD
ACC_00606,CUST_01285,Savings,2020-01-01 16:40:58,USD
ACC_00607,CUST_00097,Savings,2019-02-25 23:03:59,USD
ACC_00608,CUST_01071,Checking,2022-11-24 14:48:15,USD
ACC_00609,CUST_01169,Checking,2023-08-01 22:57:53,USD
ACC_00610,CUST_01337,Checking,2022-07-14 23:35:10,USD
ACC_00611,CUST_00479,Checking,2023-09-17 10:25:47,USD
ACC_00612,CUST_01268,Checking,2020-04-05 05:34:02,USD
ACC_00613,CUST_00418,Savings,2019-03-19 05:13:52,USD
ACC_00614,CUST_00942,Checking,2023-05-15 05:06:48,USD
ACC_00615,CUST_00928,Savings,2023-12-22 22:58:35,USD
ACC_00616,CUST_00494,Checking,2020-04-23 18:32:59,USD
ACC_00617,CUST_00080,Savings,2022-08-19 22:20:33,USD
ACC_00618,CUST_00860,Savings,2021-10-20 10:37:08,USD
ACC_00619,CUST_01359,Savings,2022-09-23 07:43:42,USD
ACC_00620,CUST_00370,Credit Card,2022-10-14 19:58:36,USD
ACC_00621,CUST_01382,Checking,2019-04-24 14:12:56,USD
ACC_00622,CUST_00876,Savings,2021-04-25 22:26:04,USD
ACC_00623,CUST_00321,Savings,2023-08-07 04:41:00,USD
ACC_00624,CUST_01310,Checking,2020-08-03 11:56:45,USD
ACC_00625,CUST_00493,Savings,2022-03-14 22:42:39,USD
ACC_00626,CUST_00737,Checking,2021-08-16 19:25:49,USD
ACC_00627,CUST_00563,Savings,2023-04-15 00:05:03,USD
ACC_00628,CUST_00974,Checking,2019-11-25 08:56:22,USD
ACC_00629,CUST_00099,Savings,2023-10-05 00:02:45,USD
ACC_00630,CUST_00547,Savings,2020-01-13 04:18:25,USD
ACC_00631,CUST_00636,Checking,2019-07-15 04:53:35,USD
ACC_00632,CUST_00859,Savings,2022-05-03 10:22:34,USD
ACC_00633,CUST_00083,Checking,2019-10-05 10:21:18,USD
ACC_00634,CUST_00988,Checking,2022-08-08 03:45:16,USD
ACC_00635,CUST_01477,Savings,2022-02-24 03:06:02,USD
ACC_00636,CUST_00325,Savings,2020-08-10 08:56:29,USD
ACC_00637,CUST_00101,Credit Card,2022-12-09 12:52:56,USD
ACC_00638,CUST_01156,Checking,2020-04-12 09:05:38,USD
ACC_00639,CUST_00788,Checking,2019-03-04 23:17:34,USD
ACC_00640,CUST_00136,Checking,2022-11-07 17:05:17,USD
ACC_00641,CUST_01155,Savings,2023-09-08 20:43:55,USD
ACC_00642,CUST_00219,Credit Card,2022-09-29 19:56:20,USD
ACC_00643,CUST_01033,Checking,2023-09-20 17:22:57,USD
ACC_00644,CUST_00772,Checking,2020-02-03 13:36:22,USD
ACC_00645,CUST_00341,Savings,2020-11-03 03:12:48,USD
ACC_00646,CUST_01226,Savings,2022-09-30 17:49:08,USD
ACC_00647,CUST_01259,Credit Card,2020-12-07 05:08:31,USD
ACC_00648,CUST_00064,Credit Card,2022-03-03 12:45:20,USD
ACC_00649,CUST_00902,Checking,2020-01-08 19:14:51,USD
ACC_00650,CUST_01435,Credit Card,2021-07-13 03:28:04,USD
ACC_00651,CUST_01168,Credit Card,2022-11-23 23:24:18,USD
ACC_00652,CUST_00081,Checking,2022-09-08 01:19:08,USD
ACC_00653,CUST_01396,Credit Card,2022-11-09 22:21:42,USD
ACC_00654,CUST_00947,Savings,2019-01-17 21:07:58,USD
ACC_00655,CUST_01481,Checking,2023-02-01 23:11:12,USD
ACC_00656,CUST_00844,Checking,2019-02-27 13:11:18,USD
ACC_00657,CUST_00324,Credit Card,2021-12-25 10:17:25,USD
ACC_00658,CUST_01157,Credit Card,2021-11-27 05:43:04,USD
ACC_00659,CUST_00117,Checking,2021-10-11 15:06:09,USD
ACC_00660,CUST_01223,Checking,2020-07-15 03:03:06,USD
ACC_00661,CUST_00340,Checking,2019-04-11 20:29:26,USD
ACC_00662,CUST_01048,Credit Card,2019-09-27 08:16:33,USD
ACC_00663,CUST_01316,Credit Card,2020-09-26 23:24:31,USD
ACC_00664,CUST_00872,Credit Card,2021-07-22 15:49:03,USD
ACC_00665,CUST_00520,Credit Card,2022-12-03 11:30:46,USD
ACC_00666,CUST_00136,Credit Card,2020-09-07 19:51:59,USD
ACC_00667,CUST_00175,Savings,2019-12-14 12:15:35,USD
ACC_00668,CUST_00864,Savings,2021-07-17 12:02:17,USD
ACC_00669,CUST_00814,Checking,2021-06-09 05:14:58,USD
ACC_00670,CUST_00218,Credit Card,2019-12-13 03:51:45,USD
ACC_00671,CUST_00332,Checking,2020-05-14 02:53:10,USD
ACC_00672,CUST_01158,Savings,2023-11-24 11:07:39,USD
ACC_00673,CUST_00277,Checking,2020-08-26 16:52:10,USD
ACC_00674,CUST_01436,Checking,2023-05-06 21:40:21,USD
ACC_00675,CUST_01186,Credit Card,2019-08-04 06:59:57,USD
ACC_00676,CUST_00429,Checking,2021-03-27 12:54:56,USD
ACC_00677,CUST_01322,Checking,2023-09-21 16:37:33,USD
ACC_00678,CUST_00544,Savings,2021-05-29 18:57:26,USD
ACC_00679,CUST_01314,Checking,2021-03-09 04:31:41,USD
ACC_00680,CUST_00346,Credit Card,2022-10-03 09:11:23,USD
ACC_00681,CUST_00294,Savings,2021-04-23 21:48:13,USD
ACC_00682,CUST_00208,Savings,2020-03-07 23:04:32,USD
ACC_00683,CUST_00117,Checking,2019-09-05 13:51:59,USD
ACC_00684,CUST_00546,Checking,2022-10-21 19:55:06,USD
ACC_00685,CUST_01408,Credit Card,2020-09-20 11:17:19,USD
ACC_00686,CUST_01427,Checking,2020-04-12 22:55:50,USD
ACC_00687,CUST_01325,Savings,2023-07-22 07:21:07,USD
ACC_00688,CUST_00257,Credit Card,2021-11-22 09:51:46,USD
ACC_00689,CUST_00575,Savings,2019-10-09 04:42:40,USD
ACC_00690,CUST_00703,Checking,2022-09-19 10:21:57,USD
ACC_00691,CUST_01289,Checking,2021-10-04 01:04:10,USD
ACC_00692,CUST_00705,Checking,2020-11-27 08:13:55,USD
ACC_00693,CUST_00033,Checking,2020-11-04 02:50:45,USD
ACC_00694,CUST_00110,Checking,2021-07-17 07:30:54,USD
ACC_00695,CUST_00455,Savings,2020-12-28 10:13:28,USD
ACC_00696,CUST_00855,Savings,2023-02-04 20:14:25,USD
ACC_00697,CUST_00145,Savings,2022-07-18 18:00:29,USD
ACC_00698,CUST_00285,Checking,2020-03-18 06:26:41,USD
ACC_00699,CUST_01111,Checking,2019-12-02 01:00:23,USD
ACC_00700,CUST_00663,Savings,2019-03-17 00:55:33,USD
ACC_00701,CUST_00968,Savings,2020-05-12 04:17:51,USD
ACC_00702,CUST_01012,Checking,2020-03-13 01:33:30,USD
ACC_00703,CUST_00590,Savings,2020-11-01 10:09:00,USD
ACC_00704,CUST_00449,Checking,2020-10-27 20:38:00,USD
ACC_00705,CUST_01341,Checking,2021-12-01 18:02:15,USD
ACC_00706,CUST_00586,Checking,2022-01-14 17:11:28,USD
ACC_00707,CUST_01485,Credit Card,2021-01-07 20:38:12,USD
ACC_00708,CUST_00586,Credit Card,2022-12-25 22:25:39,USD
ACC_00709,CUST_00216,Checking,2020-02-28 18:20:57,USD
ACC_00710,CUST_01190,Checking,2023-03-21 16:47:23,USD
ACC_00711,CUST_01337,Savings,2021-01-25 20:30:43,USD
ACC_00712,CUST_01287,Credit Card,2019-06-22 17:25:17,USD
ACC_00713,CUST_00115,Credit Card,2021-04-03 12:14:16,USD
ACC_00714,CUST_00737,Savings,2023-08-03 10:53:31,USD
ACC_00715,CUST_00368,Savings,2020-01-20 20:06:18,USD
ACC_00716,CUST_00134,Credit Card,2023-09-17 15:19:59,USD
ACC_00717,CUST_01276,Credit Card,2021-05-03 13:15:57,USD
ACC_00718,CUST_00895,Savings,2020-08-02 16:07:14,USD
ACC_00719,CUST_00949,Checking,2022-09-08 07:50:19,USD
ACC_00720,CUST_00233,Checking,2019-03-16 00:32:14,USD
ACC_00721,CUST_00974,Checking,2019-03-30 11:30:31,USD
ACC_00722,CUST_00832,Savings,2022-09-03 03:03:02,USD
ACC_00723,CUST_00215,Savings,2023-11-06 18:30:27,USD
ACC_00724,CUST_01290,Credit Card,2020-05-02 18:24:59,USD
ACC_00725,CUST_00571,Savings,2023-08-17 10:24:42,USD
ACC_00726,CUST_01318,Credit Card,2021-05-12 06:45:07,USD
ACC_00727,CUST_01435,Savings,2020-04-19 00:40:48,USD
ACC_00728,CUST_00746,Credit Card,2022-07-15 13:42:09,USD
ACC_00729,CUST_00883,Savings,2021-07-31 17:24:17,USD
ACC_00730,CUST_01361,Checking,2022-11-19 18:25:58,USD
ACC_00731,CUST_00347,Checking,2019-02-26 00:47:09,USD
ACC_00732,CUST_01173,Savings,2021-06-21 15:11:02,USD
ACC_00733,CUST_00322,Credit Card,2020-12-02 23:04:46,USD
ACC_00734,CUST_00505,Checking,2021-04-27 02:30:38,USD
ACC_00735,CUST_01489,Savings,2022-12-16 03:22:24,USD
ACC_00736,CUST_00983,Credit Card,2019-06-16 00:44:43,USD
ACC_00737,CUST_01020,Savings,2022-03-19 19:22:22,USD
ACC_00738,CUST_00169,Savings,2020-11-16 01:19:44,USD
ACC_00739,CUST_00152,Checking,2022-12-28 10:41:45,USD
ACC_00740,CUST_00782,Checking,2023-01-10 18:51:30,USD
ACC_00741,CUST_01296,Savings,2020-12-22 10:10:38,USD
ACC_00742,CUST_00047,Checking,2021-01-04 20:18:49,USD
ACC_00743,CUST_00615,Credit Card,2020-01-08 15:16:29,USD
ACC_00744,CUST_01244,Credit Card,2021-11-22 13:53:27,USD
ACC_00745,CUST_01316,Savings,2021-08-30 05:49:33,USD
ACC_00746,CUST_01233,Credit Card,2021-01-24 21:32:55,USD
ACC_00747,CUST_00902,Savings,2022-09-10 09:53:06,USD
ACC_00748,CUST_00017,Savings,2022-11-17 20:30:58,USD
ACC_00749,CUST_00819,Savings,2019-07-17 06:38:40,USD
ACC_00750,CUST_00732,Credit Card,2022-11-05 08:12:44,USD
ACC_00751,CUST_00607,Credit Card,2021-02-11 08:22:16,USD
ACC_00752,CUST_00281,Credit Card,2023-05-26 02:24:31,USD
ACC_00753,CUST_00712,Savings,2019-06-25 03:43:50,USD
ACC_00754,CUST_00269,Checking,2023-11-24 22:11:01,USD
ACC_00755,CUST_00842,Checking,2022-02-26 10:29:36,USD
ACC_00756,CUST_00573,Savings,2022-02-18 21:12:12,USD
ACC_00757,CUST_00208,Checking,2022-09-05 07:18:44,USD
ACC_00758,CUST_00694,Checking,2019-02-08 11:34:59,USD
ACC_00759,CUST_00286,Savings,2020-12-21 09:29:40,USD
ACC_00760,CUST_00140,Savings,2022-05-20 08:45:45,USD
ACC_00761,CUST_00390,Checking,2021-02-24 08:34:19,USD
ACC_00762,CUST_01456,Savings,2021-02-23 01:03:11,USD
ACC_00763,CUST_00563,Checking,2021-11-27 06:39:45,USD
ACC_00764,CUST_01476,Savings,2021-05-19 19:15:10,USD
ACC_00765,CUST_01458,Credit Card,2023-05-10 17:10:55,USD
ACC_00766,CUST_00677,Credit Card,2021-03-05 21:40:14,USD
ACC_00767,CUST_00511,Savings,2019-04-09 10:40:20,USD
ACC_00768,CUST_00198,Savings,2019-02-17 10:17:43,USD
ACC_00769,CUST_00790,Checking,2023-05-11 06:45:12,USD
ACC_00770,CUST_00817,Checking,2021-12-23 14:50:45,USD
ACC_00771,CUST_00123,Credit Card,2022-03-25 06:14:04,USD
ACC_00772,CUST_00579,Savings,2019-04-29 06:01:24,USD
ACC_00773,CUST_01163,Credit Card,2022-01-31 02:29:06,USD
ACC_00774,CUST_01232,Checking,2019-07-13 05:47:38,USD
ACC_00775,CUST_00928,Checking,2020-09-19 17:28:02,USD
ACC_00776,CUST_00438,Checking,2021-06-10 13:47:07,USD
ACC_00777,CUST_00594,Credit Card,2023-12-05 17:35:31,USD
ACC_00778,CUST_00064,Checking,2019-12-19 08:35:13,USD
ACC_00779,CUST_00350,Checking,2021-04-15 21:15:49,USD
ACC_00780,CUST_00630,Credit Card,2022-09-24 05:13:56,USD
ACC_00781,CUST_00089,Credit Card,2023-11-09 09:38:41,USD
ACC_00782,CUST_01401,Checking,2023-05-31 04:06:47,USD
ACC_00783,CUST_00764,Checking,2023-09-20 07:03:06,USD
ACC_00784,CUST_00988,Checking,2020-05-16 01:00:39,USD
ACC_00785,CUST_00583,Savings,2023-10-17 18:32:28,USD
ACC_00786,CUST_01348,Credit Card,2023-03-10 04:12:21,USD
ACC_00787,CUST_00449,Checking,2021-04-03 19:42:03,USD
ACC_00788,CUST_01462,Savings,2022-06-20 02:12:53,USD
ACC_00789,CUST_00964,Credit Card,2019-01-25 02:12:03,USD
ACC_00790,CUST_00887,Checking,2023-09-06 16:56:20,USD
ACC_00791,CUST_00665,Credit Card,2023-05-03 01:27:59,USD
ACC_00792,CUST_00801,Checking,2020-06-30 09:15:18,USD
ACC_00793,CUST_00616,Checking,2019-02-16 11:43:30,USD
ACC_00794,CUST_01232,Checking,2019-11-11 02:10:23,USD
ACC_00795,CUST_00092,Credit Card,2023-11-29 12:00:40,USD
ACC_00796,CUST_00783,Credit Card,2021-12-01 06:51:46,USD
ACC_00797,CUST_00404,Checking,2020-12-03 02:42:04,USD
ACC_00798,CUST_00310,Savings,2021-05-05 14:12:22,USD
ACC_00799,CUST_00400,Checking,2020-05-09 23:45:37,USD
ACC_00800,CUST_00491,Checking,2021-03-27 02:33:47,USD
ACC_00801,CUST_01001,Credit Card,2023-09-05 21:26:13,USD
ACC_00802,CUST_00676,Credit Card,2022-06-06 06:31:02,USD
ACC_00803,CUST_00542,Savings,2022-06-04 21:40:18,USD
ACC_00804,CUST_01012,Checking,2019-03-10 16:11:35,USD
ACC_00805,CUST_00337,Checking,2019-02-14 11:21:53,USD
ACC_00806,CUST_00745,Credit Card,2021-08-20 15:04:46,USD
ACC_00807,CUST_00407,Credit Card,2023-11-10 20:16:17,USD
ACC_00808,CUST_01041,Savings,2020-06-25 06:03:46,USD
ACC_00809,CUST_00625,Savings,2022-12-11 11:24:38,USD
ACC_00810,CUST_00375,Savings,2021-05-04 08:10:23,USD
ACC_00811,CUST_00868,Savings,2022-11-14 14:34:51,USD
ACC_00812,CUST_01302,Savings,2019-04-30 01:38:57,USD
ACC_00813,CUST_00136,Credit Card,2020-07-14 20:41:22,USD
ACC_00814,CUST_00768,Credit Card,2022-06-04 03:31:40,USD
ACC_00815,CUST_00729,Savings,2023-10-15 13:07:15,USD
ACC_00816,CUST_01431,Checking,2020-01-21 15:47:22,USD
ACC_00817,CUST_00572,Savings,2023-01-16 13:50:32,USD
ACC_00818,CUST_00984,Savings,2023-02-21 04:11:43,USD
ACC_00819,CUST_00683,Checking,2019-06-29 10:45:07,USD
ACC_00820,CUST_01272,Savings,2020-07-16 11:29:11,USD
ACC_00821,CUST_01233,Credit Card,2020-05-04 10:57:59,USD
ACC_00822,CUST_01196,Checking,2020-09-10 16:42:25,USD
ACC_00823,CUST_00270,Credit Card,2023-12-11 10:35:33,USD
ACC_00824,CUST_00665,Credit Card,2019-03-03 13:59:42,USD
ACC_00825,CUST_01216,Checking,2022-10-17 10:59:00,USD
ACC_00826,CUST_00621,Savings,2020-08-13 15:12:22,USD
ACC_00827,CUST_00745,Savings,2021-08-31 06:24:49,USD
ACC_00828,CUST_00354,Checking,2021-11-23 14:12:05,USD
ACC_00829,CUST_00750,Credit Card,2020-04-10 04:43:03,USD
ACC_00830,CUST_00808,Savings,2021-11-25 13:25:23,USD
ACC_00831,CUST_00606,Savings,2022-07-13 05:48:40,USD
ACC_00832,CUST_00780,Savings,2022-04-07 17:42:25,USD
ACC_00833,CUST_01340,Checking,2023-12-11 16:30:27,USD
ACC_00834,CUST_00653,Credit Card,2019-04-22 16:20:24,USD
ACC_00835,CUST_00016,Savings,2020-05-04 19:05:06,USD
ACC_00836,CUST_00365,Checking,2023-08-22 18:49:34,USD
ACC_00837,CUST_00137,Savings,2023-12-03 19:59:51,USD
ACC_00838,CUST_00716,Credit Card,2021-10-11 22:46:23,USD
ACC_00839,CUST_01229,Savings,2020-03-27 21:35:02,USD
ACC_00840,CUST_01101,Savings,2020-11-18 16:03:08,USD
ACC_00841,CUST_00210,Savings,2023-11-08 07:38:54,USD
ACC_00842,CUST_00757,Savings,2022-07-22 05:39:15,USD
ACC_00843,CUST_00246,Credit Card,2023-08-19 04:59:45,USD
ACC_00844,CUST_00956,Checking,2023-12-18 07:43:13,USD
ACC_00845,CUST_00986,Savings,2022-07-26 19:18:50,USD
ACC_00846,CUST_00706,Savings,2023-01-25 13:16:23,USD
ACC_00847,CUST_01303,Savings,2020-12-04 11:27:13,USD
ACC_00848,CUST_00164,Savings,2023-06-01 11:01:54,USD
ACC_00849,CUST_00065,Credit Card,2022-07-19 11:12:46,USD
ACC_00850,CUST_00547,Checking,2021-05-04 17:28:10,USD
ACC_00851,CUST_00873,Checking,2020-12-09 18:59:06,USD
ACC_00852,CUST_00390,Checking,2023-01-22 01:42:19,USD
ACC_00853,CUST_00562,Credit Card,2019-11-18 18:05:26,USD
ACC_00854,CUST_00030,Credit Card,2023-06-11 23:02:00,USD
ACC_00855,CUST_01306,Credit Card,2021-07-04 13:19:27,USD
ACC_00856,CUST_01096,Credit Card,2021-11-22 02:24:25,USD
ACC_00857,CUST_00333,Checking,2021-01-25 06:08:34,USD
ACC_00858,CUST_00803,Credit Card,2020-03-14 23:02:47,USD
ACC_00859,CUST_00101,Savings,2022-08-15 07:48:49,USD
ACC_00860,CUST_00496,Checking,2020-05-25 10:56:55,USD
ACC_00861,CUST_00858,Savings,2022-08-22 11:30:50,USD
ACC_00862,CUST_00412,Checking,2021-07-15 08:31:01,USD
ACC_00863,CUST_01119,Checking,2021-02-17 13:33:06,USD
ACC_00864,CUST_00053,Checking,2021-09-14 03:06:42,USD
ACC_00865,CUST_00899,Savings,2022-04-26 04:09:54,USD
ACC_00866,CUST_00009,Credit Card,2020-02-07 02:50:16,USD
ACC_00867,CUST_00268,Credit Card,2020-05-09 21:19:28,USD
ACC_00868,CUST_01497,Checking,2023-01-01 08:28:12,USD
ACC_00869,CUST_01255,Savings,2019-05-26 13:09:37,USD
ACC_00870,CUST_00076,Checking,2023-08-13 18:58:35,USD
ACC_00871,CUST_01157,Savings,2023-12-23 04:01:58,USD
ACC_00872,CUST_00908,Checking,2022-05-02 17:03:19,USD
ACC_00873,CUST_00877,Savings,2023-10-11 16:19:26,USD
ACC_00874,CUST_00089,Savings,2022-03-16 10:59:14,USD
ACC_00875,CUST_00985,Credit Card,2023-09-03 02:02:21,USD
ACC_00876,CUST_00637,Credit Card,2021-10-04 13:59:25,USD
ACC_00877,CUST_01372,Checking,2021-10-21 21:49:39,USD
ACC_00878,CUST_00139,Savings,2023-04-23 01:49:27,USD
ACC_00879,CUST_00242,Checking,2020-05-05 19:43:21,USD
ACC_00880,CUST_00340,Savings,2023-10-02 20:48:07,USD
ACC_00881,CUST_00952,Savings,2020-10-23 16:42:56,USD
ACC_00882,CUST_00442,Savings,2021-10-09 06:52:58,USD
ACC_00883,CUST_01490,Savings,2021-09-10 02:58:44,USD
ACC_00884,CUST_00696,Checking,2023-04-28 01:11:31,USD
ACC_00885,CUST_00354,Credit Card,2021-03-19 13:58:02,USD
ACC_00886,CUST_00235,Savings,2023-03-21 06:34:48,USD
ACC_00887,CUST_00506,Checking,2022-08-18 18:53:48,USD
ACC_00888,CUST_00822,Checking,2023-09-28 18:51:34,USD
ACC_00889,CUST_01237,Checking,2021-02-28 11:29:55,USD
ACC_00890,CUST_00611,Credit Card,2021-11-23 12:26:18,USD
ACC_00891,CUST_00477,Savings,2022-04-15 04:19:56,USD
ACC_00892,CUST_01453,Credit Card,2023-03-31 21:27:43,USD
ACC_00893,CUST_00610,Checking,2021-01-07 17:35:20,USD
ACC_00894,CUST_00681,Savings,2021-09-01 22:50:59,USD
ACC_00895,CUST_01292,Savings,2022-03-01 22:47:50,USD
ACC_00896,CUST_01232,Credit Card,2023-06-01 17:14:48,USD
ACC_00897,CUST_01030,Savings,2021-01-25 16:25:23,USD
ACC_00898,CUST_00432,Savings,2021-12-12 22:29:53,USD
ACC_00899,CUST_00845,Credit Card,2020-04-22 04:54:41,USD
ACC_00900,CUST_00559,Savings,2023-01-23 07:42:45,USD
ACC_00901,CUST_01345,Savings,2022-01-10 21:43:44,USD
ACC_00902,CUST_00564,Checking,2023-06-27 01:00:55,USD
ACC_00903,CUST_00495,Checking,2019-03-03 16:24:51,USD
ACC_00904,CUST_00532,Checking,2022-03-10 00:21:09,USD
ACC_00905,CUST_01282,Checking,2020-12-17 16:56:07,USD
ACC_00906,CUST_01153,Checking,2023-12-14 19:29:00,USD
ACC_00907,CUST_00030,Savings,2019-08-23 13:53:46,USD
ACC_00908,CUST_00892,Credit Card,2020-05-17 21:47:33,USD
ACC_00909,CUST_00005,Credit Card,2021-09-01 13:11:07,USD
ACC_00910,CUST_00684,Checking,2021-10-25 20:32:25,USD
ACC_00911,CUST_00774,Checking,2019-08-05 10:55:04,USD
ACC_00912,CUST_01085,Credit Card,2022-08-29 21:32:52,USD
ACC_00913,CUST_00815,Checking,2023-04-07 07:36:10,USD
ACC_00914,CUST_01080,Credit Card,2019-04-20 00:38:35,USD
ACC_00915,CUST_01302,Credit Card,2023-04-18 23:21:04,USD
ACC_00916,CUST_00381,Savings,2023-03-17 19:03:33,USD
ACC_00917,CUST_00873,Credit Card,2022-12-19 17:21:47,USD
ACC_00918,CUST_00671,Checking,2019-06-25 21:54:03,USD
ACC_00919,CUST_01011,Credit Card,2019-01-06 10:12:07,USD
ACC_00920,CUST_00736,Savings,2022-12-24 10:32:24,USD
ACC_00921,CUST_01480,Savings,2023-06-07 00:03:06,USD
ACC_00922,CUST_01158,Checking,2019-05-23 11:29:57,USD
ACC_00923,CUST_01322,Savings,2020-03-08 12:50:07,USD
ACC_00924,CUST_00894,Credit Card,2019-04-02 17:46:41,USD
ACC_00925,CUST_01121,Savings,2023-12-17 06:53:16,USD
ACC_00926,CUST_00500,Credit Card,2019-01-23 08:48:06,USD
ACC_00927,CUST_01153,Savings,2022-02-03 10:17:32,USD
ACC_00928,CUST_00667,Checking,2019-07-24 13:05:17,USD
ACC_00929,CUST_00029,Credit Card,2022-07-23 06:17:19,USD
ACC_00930,CUST_00206,Savings,2019-08-25 05:35:53,USD
ACC_00931,CUST_00261,Checking,2020-07-06 07:03:00,USD
ACC_00932,CUST_01446,Savings,2020-12-07 09:01:13,USD
ACC_00933,CUST_01149,Savings,2022-07-30 03:46:48,USD
ACC_00934,CUST_00520,Credit Card,2019-08-06 13:37:13,USD
ACC_00935,CUST_00991,Checking,2021-09-21 21:50:56,USD
ACC_00936,CUST_00440,Savings,2021-09-22 22:36:00,USD
ACC_00937,CUST_00089,Credit Card,2019-06-24 11:54:21,USD
ACC_00938,CUST_00276,Credit Card,2020-08-28 14:46:47,USD
ACC_00939,CUST_00127,Credit Card,2020-02-19 01:31:39,USD
ACC_00940,CUST_00608,Checking,2022-05-10 03:35:37,USD
ACC_00941,CUST_00553,Savings,2021-10-11 07:12:57,USD
ACC_00942,CUST_00364,Savings,2020-04-09 23:37:01,USD
ACC_00943,CUST_00088,Credit Card,2022-02-04 17:10:33,USD
ACC_00944,CUST_00117,Credit Card,2023-04-28 00:54:24,USD
ACC_00945,CUST_00550,Credit Card,2022-11-30 21:03:35,USD
ACC_00946,CUST_00564,Credit Card,2020-01-06 00:32:10,USD
ACC_00947,CUST_01327,Savings,2019-02-14 09:41:03,USD
ACC_00948,CUST_00413,Checking,2022-03-11 16:46:35,USD
ACC_00949,CUST_00133,Checking,2020-07-14 08:09:08,USD
ACC_00950,CUST_01417,Savings,2020-02-13 07:19:22,USD
ACC_00951,CUST_00810,Checking,2023-05-22 11:50:23,USD
ACC_00952,CUST_00296,Credit Card,2021-04-15 05:22:38,USD
ACC_00953,CUST_01332,Savings,2023-02-22 02:58:17,USD
ACC_00954,CUST_00639,Checking,2023-12-25 08:41:33,USD
ACC_00955,CUST_01093,Savings,2023-12-02 02:32:28,USD
ACC_00956,CUST_01101,Checking,2023-05-06 03:32:29,USD
ACC_00957,CUST_01308,Checking,2023-01-26 03:42:34,USD
ACC_00958,CUST_01267,Savings,2023-01-07 23:07:49,USD
ACC_00959,CUST_00479,Checking,2021-02-11 20:41:01,USD
ACC_00960,CUST_01012,Checking,2023-10-20 15:27:26,USD
ACC_00961,CUST_00375,Checking,2023-02-08 09:21:44,USD
ACC_00962,CUST_00629,Checking,2021-08-28 10:48:50,USD
ACC_00963,CUST_01083,Checking,2023-08-27 22:32:48,USD
ACC_00964,CUST_00988,Checking,2022-03-16 19:59:10,USD
ACC_00965,CUST_00496,Savings,2020-02-15 11:09:54,USD
ACC_00966,CUST_00209,Credit Card,2021-04-30 20:14:58,USD
ACC_00967,CUST_01251,Checking,2022-01-27 15:06:17,USD
ACC_00968,CUST_00829,Savings,2022-01-02 12:22:44,USD
ACC_00969,CUST_01089,Savings,2021-04-10 14:20:14,USD
ACC_00970,CUST_00400,Checking,2022-09-24 18:31:45,USD
ACC_00971,CUST_00170,Checking,2021-09-28 05:44:39,USD
ACC_00972,CUST_01391,Savings,2022-02-19 08:08:41,USD
ACC_00973,CUST_00356,Checking,2019-08-18 17:49:54,USD
ACC_00974,CUST_00651,Savings,2020-09-05 20:58:25,USD
ACC_00975,CUST_00316,Savings,2022-02-02 19:14:53,USD
ACC_00976,CUST_00519,Checking,2022-02-19 05:27:57,USD
ACC_00977,CUST_00486,Checking,2019-09-19 06:30:06,USD
ACC_00978,CUST_01310,Checking,2022-08-14 21:38:55,USD
ACC_00979,CUST_01348,Savings,2021-10-16 11:42:44,USD
ACC_00980,CUST_00118,Credit Card,2020-12-04 11:12:32,USD
ACC_00981,CUST_00924,Credit Card,2020-12-02 02:59:40,USD
ACC_00982,CUST_01418,Checking,2022-06-22 18:04:47,USD
ACC_00983,CUST_00694,Checking,2023-08-17 14:22:06,USD
ACC_00984,CUST_00941,Savings,2019-03-23 18:00:37,USD
ACC_00985,CUST_00101,Credit Card,2020-09-16 08:51:35,USD
ACC_00986,CUST_00035,Checking,2022-09-15 08:57:34,USD
ACC_00987,CUST_01222,Checking,2020-07-28 00:01:19,USD
ACC_00988,CUST_01437,Savings,2020-06-10 15:38:28,USD
ACC_00989,CUST_00412,Checking,2020-10-06 12:20:20,USD
ACC_00990,CUST_01346,Checking,2022-02-14 15:30:48,USD
ACC_00991,CUST_00485,Checking,2020-08-12 09:54:02,USD
ACC_00992,CUST_00144,Savings,2019-12-23 10:39:57,USD
ACC_00993,CUST_00126,Checking,2022-02-24 07:31:32,USD
ACC_00994,CUST_00366,Savings,2020-04-14 02:13:07,USD
ACC_00995,CUST_00273,Checking,2022-05-18 12:25:27,USD
ACC_00996,CUST_00326,Credit Card,2020-01-04 00:02:57,USD
ACC_00997,CUST_00150,Checking,2023-09-15 16:09:54,USD
ACC_00998,CUST_00117,Credit Card,2021-09-07 15:09:51,USD
ACC_00999,CUST_00279,Savings,2023-06-14 23:38:45,USD
ACC_01000,CUST_00822,Savings,2019-10-27 13:07:06,USD
ACC_01001,CUST_00096,Checking,2022-03-28 23:34:16,USD
ACC_01002,CUST_01046,Credit Card,2023-03-12 22:49:10,USD
ACC_01003,CUST_00171,Savings,2020-08-27 13:17:27,USD
ACC_01004,CUST_00121,Credit Card,2023-06-20 15:57:47,USD
ACC_01005,CUST_00514,Credit Card,2022-07-10 08:19:21,USD
ACC_01006,CUST_00458,Credit Card,2023-10-01 08:14:21,USD
ACC_01007,CUST_00767,Checking,2021-03-09 06:30:46,USD
ACC_01008,CUST_01481,Credit Card,2020-07-26 19:20:04,USD
ACC_01009,CUST_01327,Credit Card,2021-10-04 13:02:12,USD
ACC_01010,CUST_00769,Savings,2019-10-10 17:58:53,USD
ACC_01011,CUST_01003,Credit Card,2022-09-04 07:47:08,USD
ACC_01012,CUST_00643,Savings,2020-12-10 00:35:17,USD
ACC_01013,CUST_00100,Checking,2022-09-18 09:56:37,USD
ACC_01014,CUST_01173,Savings,2023-01-16 09:37:59,USD
ACC_01015,CUST_00009,Credit Card,2022-05-25 05:48:43,USD
ACC_01016,CUST_01125,Credit Card,2022-08-13 18:03:30,USD
ACC_01017,CUST_00499,Checking,2023-12-18 11:04:43,USD
ACC_01018,CUST_00575,Credit Card,2021-07-05 01:25:47,USD
ACC_01019,CUST_01279,Checking,2023-04-02 01:59:51,USD
ACC_01020,CUST_00170,Credit Card,2023-09-18 19:15:16,USD
ACC_01021,CUST_00075,Credit Card,2020-05-18 15:58:40,USD
ACC_01022,CUST_00488,Savings,2023-09-05 18:07:49,USD
ACC_01023,CUST_01080,Credit Card,2022-09-15 11:40:03,USD
ACC_01024,CUST_00528,Credit Card,2019-04-18 01:10:32,USD
ACC_01025,CUST_00765,Checking,2019-11-15 17:39:03,USD
ACC_01026,CUST_01279,Credit Card,2019-07-21 04:23:32,USD
ACC_01027,CUST_01050,Savings,2019-09-08 17:17:57,USD
ACC_01028,CUST_00309,Savings,2023-06-21 20:54:12,USD
ACC_01029,CUST_00778,Credit Card,2019-11-25 23:47:09,USD
ACC_01030,CUST_01293,Credit Card,2020-04-15 11:39:06,USD
ACC_01031,CUST_00394,Savings,2023-06-20 20:17:20,USD
ACC_01032,CUST_01493,Savings,2022-05-24 04:10:10,USD
ACC_01033,CUST_01073,Credit Card,2019-01-08 17:48:06,USD
ACC_01034,CUST_01285,Checking,2023-04-07 12:36:54,USD
ACC_01035,CUST_00754,Savings,2023-11-05 10:23:45,USD
ACC_01036,CUST_00472,Credit Card,2022-09-26 10:34:03,USD
ACC_01037,CUST_00516,Checking,2021-11-19 15:32:57,USD
ACC_01038,CUST_00361,Checking,2021-12-03 22:12:24,USD
ACC_01039,CUST_00724,Checking,2023-04-09 11:10:24,USD
ACC_01040,CUST_01500,Checking,2023-01-31 03:17:06,USD
ACC_01041,CUST_00172,Credit Card,2021-03-19 04:36:02,USD
ACC_01042,CUST_00386,Credit Card,2020-09-11 08:58:02,USD
ACC_01043,CUST_01478,Checking,2020-05-23 04:27:50,USD
ACC_01044,CUST_00332,Credit Card,2021-01-30 04:46:58,USD
ACC_01045,CUST_00926,Savings,2022-08-12 21:29:52,USD
ACC_01046,CUST_01390,Credit Card,2019-02-07 01:21:47,USD
ACC_01047,CUST_00707,Savings,2021-06-27 09:24:07,USD
ACC_01048,CUST_00702,Credit Card,2019-04-20 07:31:31,USD
ACC_01049,CUST_01347,Credit Card,2023-12-08 23:05:30,USD
ACC_01050,CUST_00499,Credit Card,2020-02-06 03:26:10,USD
ACC_01051,CUST_00221,Savings,2023-06-25 22:11:02,USD
ACC_01052,CUST_00259,Checking,2022-05-29 03:48:18,USD
ACC_01053,CUST_00613,Checking,2021-08-18 21:55:34,USD
ACC_01054,CUST_01447,Credit Card,2021-05-27 21:41:42,USD
ACC_01055,CUST_01167,Credit Card,2020-07-28 06:13:05,USD
ACC_01056,CUST_00140,Credit Card,2020-01-09 13:37:11,USD
ACC_01057,CUST_01361,Credit Card,2021-06-15 07:38:40,USD
ACC_01058,CUST_00487,Checking,2023-12-09 09:23:26,USD
ACC_01059,CUST_01227,Checking,2023-02-08 19:25:12,USD
ACC_01060,CUST_00588,Credit Card,2023-03-28 15:45:49,USD
ACC_01061,CUST_00885,Checking,2022-03-13 13:49:07,USD
ACC_01062,CUST_01250,Credit Card,2022-02-09 18:45:36,USD
ACC_01063,CUST_00133,Savings,2020-02-23 07:50:13,USD
ACC_01064,CUST_00569,Credit Card,2019-06-25 09:38:40,USD
ACC_01065,CUST_01427,Credit Card,2020-04-24 13:21:40,USD
ACC_01066,CUST_00822,Credit Card,2020-02-19 12:17:52,USD
ACC_01067,CUST_01188,Savings,2020-03-19 20:22:03,USD
ACC_01068,CUST_00868,Credit Card,2019-04-11 16:05:12,USD
ACC_01069,CUST_01009,Savings,2023-04-01 06:16:45,USD
ACC_01070,CUST_00968,Savings,2021-02-04 20:43:42,USD
ACC_01071,CUST_00140,Credit Card,2019-03-04 22:06:28,USD
ACC_01072,CUST_01400,Credit Card,2021-12-31 10:32:42,USD
ACC_01073,CUST_01463,Checking,2019-04-17 14:06:34,USD
ACC_01074,CUST_00410,Checking,2022-05-06 06:34:10,USD
ACC_01075,CUST_00472,Credit Card,2021-04-21 21:17:01,USD
ACC_01076,CUST_00790,Credit Card,2020-01-15 10:28:06,USD
ACC_01077,CUST_01450,Savings,2023-02-27 13:14:32,USD
ACC_01078,CUST_00757,Credit Card,2019-08-07 03:21:05,USD
ACC_01079,CUST_00933,Credit Card,2022-06-17 18:10:40,USD
ACC_01080,CUST_01280,Savings,2020-07-08 11:12:24,USD
ACC_01081,CUST_00544,Savings,2021-02-04 17:52:18,USD
ACC_01082,CUST_01100,Checking,2021-05-02 00:42:35,USD
ACC_01083,CUST_00392,Credit Card,2023-02-25 16:38:40,USD
ACC_01084,CUST_01313,Credit Card,2021-05-09 16:45:11,USD
ACC_01085,CUST_00681,Savings,2021-07-29 12:53:43,USD
ACC_01086,CUST_01391,Credit Card,2019-09-23 06:34:01,USD
ACC_01087,CUST_00492,Checking,2023-02-26 19:17:34,USD
ACC_01088,CUST_00638,Savings,2019-09-21 02:03:50,USD
ACC_01089,CUST_00968,Credit Card,2021-01-16 05:01:29,USD
ACC_01090,CUST_01396,Savings,2021-08-11 00:27:13,USD
ACC_01091,CUST_01006,Credit Card,2021-02-09 05:13:38,USD
ACC_01092,CUST_01082,Checking,2019-03-09 12:54:44,USD
ACC_01093,CUST_01187,Checking,2019-01-14 10:28:17,USD
ACC_01094,CUST_00952,Savings,2023-02-24 10:09:56,USD
ACC_01095,CUST_00223,Savings,2022-04-02 03:42:32,USD
ACC_01096,CUST_01211,Checking,2022-03-25 14:15:32,USD
ACC_01097,CUST_01242,Savings,2022-07-22 14:42:03,USD
ACC_01098,CUST_00278,Savings,2023-03-31 06:05:37,USD
ACC_01099,CUST_01284,Credit Card,2019-05-29 22:03:33,USD
ACC_01100,CUST_00285,Savings,2020-03-10 03:46:50,USD
ACC_01101,CUST_01040,Savings,2019-06-26 17:59:43,USD
ACC_01102,CUST_00124,Savings,2023-08-02 19:06:09,USD
ACC_01103,CUST_01015,Credit Card,2019-09-29 00:21:41,USD
ACC_01104,CUST_00170,Credit Card,2023-12-23 17:35:42,USD
ACC_01105,CUST_01128,Savings,2021-12-09 08:06:55,USD
ACC_01106,CUST_01282,Checking,2023-09-26 03:27:20,USD
ACC_01107,CUST_01055,Credit Card,2019-10-30 09:59:50,USD
ACC_01108,CUST_00991,Savings,2019-12-08 06:02:23,USD
ACC_01109,CUST_00766,Credit Card,2020-05-06 19:54:07,USD
ACC_01110,CUST_00639,Checking,2019-07-10 10:10:08,USD
ACC_01111,CUST_00916,Checking,2020-08-15 23:19:59,USD
ACC_01112,CUST_01156,Savings,2019-10-18 04:37:23,USD
ACC_01113,CUST_00169,Credit Card,2023-07-28 14:20:31,USD
ACC_01114,CUST_01217,Savings,2022-12-21 19:15:05,USD
ACC_01115,CUST_01052,Checking,2023-09-22 23:20:12,USD
ACC_01116,CUST_00996,Checking,2023-11-10 20:18:46,USD
ACC_01117,CUST_00704,Checking,2019-06-02 05:44:00,USD
ACC_01118,CUST_01195,Credit Card,2023-10-14 03:43:26,USD
ACC_01119,CUST_00256,Checking,2023-10-09 10:08:35,USD
ACC_01120,CUST_00899,Credit Card,2021-08-11 03:51:55,USD
ACC_01121,CUST_00038,Savings,2023-06-03 04:44:03,USD
ACC_01122,CUST_01182,Checking,2023-09-29 08:13:07,USD
ACC_01123,CUST_01089,Credit Card,2020-07-13 20:29:02,USD
ACC_01124,CUST_00353,Credit Card,2021-07-02 05:04:59,USD
ACC_01125,CUST_00606,Credit Card,2023-01-30 16:19:37,USD
ACC_01126,CUST_01162,Savings,2020-08-23 13:26:46,USD
ACC_01127,CUST_01296,Savings,2021-03-16 05:25:57,USD
ACC_01128,CUST_00789,Savings,2019-05-04 19:52:30,USD
ACC_01129,CUST_00056,Savings,2021-10-23 13:54:38,USD
ACC_01130,CUST_01253,Savings,2019-05-25 14:48:06,USD
ACC_01131,CUST_01019,Checking,2021-01-03 09:22:45,USD
ACC_01132,CUST_00575,Savings,2023-12-13 16:19:17,USD
ACC_01133,CUST_00099,Credit Card,2019-01-07 23:08:59,USD
ACC_01134,CUST_00837,Savings,2023-11-18 01:57:20,USD
ACC_01135,CUST_01020,Checking,2019-03-21 20:27:22,USD
ACC_01136,CUST_00278,Checking,2022-04-09 12:08:26,USD
ACC_01137,CUST_00049,Checking,2023-02-24 20:21:33,USD
ACC_01138,CUST_01487,Savings,2019-05-29 20:10:30,USD
ACC_01139,CUST_01106,Credit Card,2021-03-27 02:09:09,USD
ACC_01140,CUST_00005,Credit Card,2019-06-17 17:04:14,USD
ACC_01141,CUST_00264,Savings,2022-02-09 09:09:24,USD
ACC_01142,CUST_00631,Checking,2019-05-11 11:19:50,USD
ACC_01143,CUST_00495,Savings,2023-04-15 23:16:54,USD
ACC_01144,CUST_00300,Credit Card,2023-09-04 23:22:37,USD
ACC_01145,CUST_00188,Savings,2020-06-12 10:43:40,USD
ACC_01146,CUST_00763,Credit Card,2020-12-17 20:56:43,USD
ACC_01147,CUST_01440,Credit Card,2019-03-11 00:41:20,USD
ACC_01148,CUST_01385,Credit Card,2023-03-04 06:02:35,USD
ACC_01149,CUST_00026,Savings,2019-11-12 14:17:26,USD
ACC_01150,CUST_00966,Savings,2023-11-03 21:28:32,USD
ACC_01151,CUST_01131,Credit Card,2021-06-27 04:06:20,USD
ACC_01152,CUST_00694,Credit Card,2020-09-12 18:08:15,USD
ACC_01153,CUST_01200,Credit Card,2020-05-16 17:18:48,USD
ACC_01154,CUST_00190,Credit Card,2022-04-13 07:34:55,USD
ACC_01155,CUST_01354,Credit Card,2019-03-26 05:49:26,USD
ACC_01156,CUST_00319,Checking,2020-06-18 06:41:33,USD
ACC_01157,CUST_01058,Checking,2020-08-19 11:45:15,USD
ACC_01158,CUST_00726,Credit Card,2019-05-18 22:28:12,USD
ACC_01159,CUST_01038,Savings,2021-01-27 16:35:34,USD
ACC_01160,CUST_01082,Credit Card,2023-05-05 19:26:36,USD
ACC_01161,CUST_01396,Checking,2020-07-19 12:09:57,USD
ACC_01162,CUST_00671,Savings,2023-08-23 10:49:56,USD
ACC_01163,CUST_01022,Savings,2020-08-22 02:19:11,USD
ACC_01164,CUST_00079,Credit Card,2023-01-09 23:36:35,USD
ACC_01165,CUST_00529,Checking,2022-07-05 00:28:05,USD
ACC_01166,CUST_00686,Savings,2023-08-30 11:48:21,USD
ACC_01167,CUST_01266,Checking,2021-12-03 10:54:56,USD
ACC_01168,CUST_00422,Checking,2022-11-18 19:49:45,USD
ACC_01169,CUST_00840,Savings,2021-08-13 17:59:21,USD
ACC_01170,CUST_00789,Checking,2021-02-16 03:12:01,USD
ACC_01171,CUST_00961,Checking,2022-03-11 18:44:24,USD
ACC_01172,CUST_01000,Checking,2019-12-09 07:56:11,USD
ACC_01173,CUST_00998,Credit Card,2021-12-12 10:42:12,USD
ACC_01174,CUST_00198,Credit Card,2023-08-12 06:04:35,USD
ACC_01175,CUST_00486,Checking,2019-01-22 07:18:45,USD
ACC_01176,CUST_00209,Checking,2023-02-12 07:17:26,USD
ACC_01177,CUST_00072,Checking,2019-10-05 08:59:14,USD
ACC_01178,CUST_00475,Credit Card,2022-01-14 16:49:56,USD
ACC_01179,CUST_00128,Checking,2019-02-27 06:18:44,USD
ACC_01180,CUST_00294,Savings,2021-02-10 00:39:15,USD
ACC_01181,CUST_00514,Checking,2022-11-20 19:59:30,USD
ACC_01182,CUST_00314,Credit Card,2020-07-18 04:46:45,USD
ACC_01183,CUST_01475,Savings,2022-02-27 11:01:22,USD
ACC_01184,CUST_00921,Savings,2019-09-15 10:34:57,USD
ACC_01185,CUST_00841,Savings,2022-03-28 08:32:35,USD
ACC_01186,CUST_00725,Checking,2021-12-19 13:30:00,USD
ACC_01187,CUST_00691,Savings,2020-07-04 20:00:20,USD
ACC_01188,CUST_00568,Checking,2021-12-28 19:25:07,USD
ACC_01189,CUST_00067,Savings,2023-09-05 08:06:42,USD
ACC_01190,CUST_00264,Credit Card,2020-12-09 17:47:15,USD
ACC_01191,CUST_00773,Checking,2023-12-25 13:13:50,USD
ACC_01192,CUST_01127,Checking,2022-07-07 02:59:26,USD
ACC_01193,CUST_01428,Savings,2021-12-14 08:27:47,USD
ACC_01194,CUST_01306,Savings,2021-12-12 03:02:57,USD
ACC_01195,CUST_01375,Credit Card,2021-01-07 18:30:16,USD
ACC_01196,CUST_01240,Checking,2023-04-16 04:13:41,USD
ACC_01197,CUST_00251,Credit Card,2020-08-21 14:28:35,USD
ACC_01198,CUST_00990,Savings,2020-10-24 13:14:21,USD
ACC_01199,CUST_00796,Savings,2020-07-11 02:09:03,USD
ACC_01200,CUST_01368,Savings,2023-09-19 20:52:36,USD
ACC_01201,CUST_00833,Checking,2023-06-08 08:29:40,USD
ACC_01202,CUST_01197,Savings,2019-03-26 01:30:06,USD
ACC_01203,CUST_00625,Savings,2022-12-21 02:33:58,USD
ACC_01204,CUST_01155,Checking,2019-09-18 06:55:45,USD
ACC_01205,CUST_00003,Savings,2022-02-22 08:44:45,USD
ACC_01206,CUST_00180,Checking,2019-12-01 13:11:41,USD
ACC_01207,CUST_00602,Savings,2022-05-21 10:23:09,USD
ACC_01208,CUST_00320,Checking,2021-11-25 16:41:47,USD
ACC_01209,CUST_00524,Checking,2022-09-12 20:42:40,USD
ACC_01210,CUST_00590,Savings,2022-02-18 01:38:19,USD
ACC_01211,CUST_00950,Credit Card,2019-10-20 09:32:55,USD
ACC_01212,CUST_00248,Checking,2019-05-17 18:53:12,USD
ACC_01213,CUST_00721,Savings,2021-01-13 14:08:48,USD
ACC_01214,CUST_00850,Credit Card,2020-06-01 07:06:37,USD
ACC_01215,CUST_00087,Checking,2023-06-11 22:41:02,USD
ACC_01216,CUST_01283,Checking,2019-05-26 18:27:17,USD
ACC_01217,CUST_00048,Credit Card,2021-02-16 03:28:08,USD
ACC_01218,CUST_01297,Credit Card,2020-06-06 18:14:46,USD
ACC_01219,CUST_00471,Savings,2021-05-23 22:37:31,USD
ACC_01220,CUST_00206,Savings,2023-02-21 19:00:38,USD
ACC_01221,CUST_00601,Savings,2021-08-08 12:57:54,USD
ACC_01222,CUST_01343,Checking,2023-05-14 07:05:14,USD
ACC_01223,CUST_00927,Credit Card,2020-06-08 14:13:31,USD
ACC_01224,CUST_01200,Checking,2022-01-15 05:46:22,USD
ACC_01225,CUST_00874,Checking,2020-01-19 18:19:42,USD
ACC_01226,CUST_00735,Checking,2020-12-23 12:42:31,USD
ACC_01227,CUST_00430,Checking,2023-05-11 08:14:40,USD
ACC_01228,CUST_00577,Savings,2020-05-13 02:51:49,USD
ACC_01229,CUST_00495,Savings,2020-08-26 22:47:18,USD
ACC_01230,CUST_00313,Checking,2022-05-14 11:13:26,USD
ACC_01231,CUST_01465,Savings,2023-08-03 11:35:05,USD
ACC_01232,CUST_00499,Savings,2023-01-16 02:10:29,USD
ACC_01233,CUST_00806,Savings,2021-10-27 21:43:10,USD
ACC_01234,CUST_00327,Credit Card,2019-08-31 18:57:41,USD
ACC_01235,CUST_01427,Checking,2019-06-30 07:50:04,USD
ACC_01236,CUST_00983,Credit Card,2023-10-01 11:45:04,USD
ACC_01237,CUST_01333,Checking,2019-12-15 01:30:56,USD
ACC_01238,CUST_01462,Checking,2022-04-06 14:36:13,USD
ACC_01239,CUST_00442,Credit Card,2020-06-16 01:35:44,USD
ACC_01240,CUST_00035,Credit Card,2020-02-18 08:26:51,USD
ACC_01241,CUST_01087,Checking,2022-06-17 17:20:00,USD
ACC_01242,CUST_01311,Checking,2023-08-08 08:26:23,USD
ACC_01243,CUST_00555,Credit Card,2020-03-15 21:38:52,USD
ACC_01244,CUST_00116,Savings,2022-11-06 17:55:36,USD
ACC_01245,CUST_00019,Checking,2021-06-08 07:59:40,USD
ACC_01246,CUST_01411,Credit Card,2021-05-17 21:25:33,USD
ACC_01247,CUST_00466,Checking,2022-03-28 19:45:40,USD
ACC_01248,CUST_01074,Checking,2020-05-03 12:45:50,USD
ACC_01249,CUST_00089,Credit Card,2022-11-05 07:24:26,USD
ACC_01250,CUST_00729,Savings,2023-02-14 16:20:09,USD
ACC_01251,CUST_00619,Savings,2023-07-20 04:52:58,USD
ACC_01252,CUST_01327,Savings,2022-11-28 19:49:35,USD
ACC_01253,CUST_00802,Checking,2020-10-31 18:43:50,USD
ACC_01254,CUST_01076,Credit Card,2020-09-08 09:26:04,USD
ACC_01255,CUST_00786,Credit Card,2020-03-09 02:20:42,USD
ACC_01256,CUST_00619,Checking,2020-11-11 20:33:45,USD
ACC_01257,CUST_00507,Credit Card,2021-12-02 19:12:01,USD
ACC_01258,CUST_00575,Checking,2021-01-16 17:02:47,USD
ACC_01259,CUST_00975,Checking,2019-12-07 17:08:15,USD
ACC_01260,CUST_00651,Savings,2022-11-15 10:36:06,USD
ACC_01261,CUST_00504,Savings,2021-01-17 14:44:23,USD
ACC_01262,CUST_01286,Checking,2022-10-27 20:52:05,USD
ACC_01263,CUST_00631,Credit Card,2021-05-07 18:54:56,USD
ACC_01264,CUST_01235,Savings,2019-11-13 09:49:07,USD
ACC_01265,CUST_00547,Savings,2023-02-11 00:23:32,USD
ACC_01266,CUST_00638,Savings,2023-12-07 07:33:35,USD
ACC_01267,CUST_01092,Credit Card,2022-09-15 03:18:10,USD
ACC_01268,CUST_00526,Checking,2023-11-21 13:29:45,USD
ACC_01269,CUST_00180,Credit Card,2019-10-25 08:20:35,USD
ACC_01270,CUST_01323,Checking,2020-10-20 15:02:12,USD
ACC_01271,CUST_00438,Savings,2023-12-29 04:30:45,USD
ACC_01272,CUST_00439,Credit Card,2022-06-21 22:42:07,USD
ACC_01273,CUST_01332,Checking,2021-05-15 17:25:13,USD
ACC_01274,CUST_00052,Savings,2023-02-04 16:50:50,USD
ACC_01275,CUST_00619,Checking,2023-07-07 08:36:00,USD
ACC_01276,CUST_00291,Savings,2020-04-01 04:47:48,USD
ACC_01277,CUST_01493,Credit Card,2021-04-27 09:34:35,USD
ACC_01278,CUST_00517,Checking,2019-08-21 10:27:34,USD
ACC_01279,CUST_00205,Checking,2022-11-25 05:16:36,USD
ACC_01280,CUST_00955,Checking,2023-02-28 03:37:37,USD
ACC_01281,CUST_00399,Credit Card,2019-04-25 03:52:21,USD
ACC_01282,CUST_00020,Savings,2020-09-11 16:48:57,USD
ACC_01283,CUST_01305,Credit Card,2019-04-14 08:43:01,USD
ACC_01284,CUST_00475,Credit Card,2022-09-23 00:27:21,USD
ACC_01285,CUST_01329,Savings,2020-09-03 03:01:21,USD
ACC_01286,CUST_00721,Savings,2022-10-21 04:31:40,USD
ACC_01287,CUST_00790,Checking,2022-12-18 04:56:08,USD
ACC_01288,CUST_00933,Savings,2020-02-21 18:42:50,USD
ACC_01289,CUST_01073,Credit Card,2021-01-07 05:46:23,USD
ACC_01290,CUST_00863,Credit Card,2019-10-23 12:20:11,USD
ACC_01291,CUST_00266,Credit Card,2020-05-02 15:35:51,USD
ACC_01292,CUST_00224,Credit Card,2020-08-06 06:44:22,USD
ACC_01293,CUST_01020,Savings,2019-03-03 07:58:54,USD
ACC_01294,CUST_00846,Savings,2022-03-08 04:14:37,USD
ACC_01295,CUST_00881,Checking,2023-09-02 15:37:56,USD
ACC_01296,CUST_01331,Checking,2020-12-04 18:45:07,USD
ACC_01297,CUST_00631,Savings,2019-06-18 10:59:33,USD
ACC_01298,CUST_00450,Savings,2021-08-04 23:08:31,USD
ACC_01299,CUST_00868,Credit Card,2020-10-18 20:51:12,USD
ACC_01300,CUST_00813,Savings,2022-12-15 17:31:56,USD
ACC_01301,CUST_00296,Savings,2019-03-09 06:10:38,USD
ACC_01302,CUST_01279,Checking,2023-06-06 00:20:22,USD
ACC_01303,CUST_00926,Savings,2021-11-20 06:17:40,USD
ACC_01304,CUST_01112,Savings,2020-09-23 16:54:06,USD
ACC_01305,CUST_00167,Credit Card,2020-01-04 01:03:57,USD
ACC_01306,CUST_01215,Credit Card,2019-05-09 23:47:56,USD
ACC_01307,CUST_00777,Savings,2023-07-29 21:19:27,USD
ACC_01308,CUST_00123,Checking,2022-06-20 04:32:35,USD
ACC_01309,CUST_01199,Checking,2020-07-17 06:01:48,USD
ACC_01310,CUST_01304,Credit Card,2021-09-04 19:01:09,USD
ACC_01311,CUST_01032,Credit Card,2023-03-21 02:02:39,USD
ACC_01312,CUST_00909,Checking,2021-07-01 23:07:43,USD
ACC_01313,CUST_00938,Credit Card,2021-04-01 23:34:37,USD
ACC_01314,CUST_00573,Credit Card,2023-05-22 13:43:16,USD
ACC_01315,CUST_01248,Credit Card,2023-01-03 21:23:08,USD
ACC_01316,CUST_01248,Savings,2020-07-09 10:04:34,USD
ACC_01317,CUST_00465,Savings,2023-09-16 10:22:20,USD
ACC_01318,CUST_00788,Savings,2021-06-09 22:50:22,USD
ACC_01319,CUST_00829,Savings,2022-03-04 12:04:14,USD
ACC_01320,CUST_00482,Credit Card,2020-06-03 19:30:17,USD
ACC_01321,CUST_00442,Credit Card,2019-07-21 04:21:56,USD
ACC_01322,CUST_00960,Savings,2023-09-04 05:42:32,USD
ACC_01323,CUST_00075,Credit Card,2022-03-26 23:58:01,USD
ACC_01324,CUST_00036,Credit Card,2019-09-20 14:12:48,USD
ACC_01325,CUST_00961,Checking,2019-02-09 11:30:45,USD
ACC_01326,CUST_00946,Savings,2019-04-03 22:51:23,USD
ACC_01327,CUST_00485,Checking,2019-08-15 20:57:06,USD
ACC_01328,CUST_01474,Savings,2020-07-10 16:27:35,USD
ACC_01329,CUST_00091,Savings,2021-03-27 23:01:19,USD
ACC_01330,CUST_01009,Savings,2019-11-17 06:54:21,USD
ACC_01331,CUST_00094,Credit Card,2021-12-28 23:56:25,USD
ACC_01332,CUST_00630,Savings,2023-02-17 12:21:55,USD
ACC_01333,CUST_00689,Savings,2022-02-28 19:27:56,USD
ACC_01334,CUST_00841,Checking,2021-01-20 08:26:32,USD
ACC_01335,CUST_00055,Checking,2020-03-25 08:47:04,USD
ACC_01336,CUST_00143,Savings,2021-01-26 01:25:41,USD
ACC_01337,CUST_00040,Credit Card,2023-04-26 12:17:23,USD
ACC_01338,CUST_01482,Savings,2020-06-15 08:39:44,USD
ACC_01339,CUST_00229,Checking,2022-09-23 23:17:05,USD
ACC_01340,CUST_00695,Credit Card,2020-07-15 12:59:17,USD
ACC_01341,CUST_00409,Checking,2019-09-23 13:15:03,USD
ACC_01342,CUST_00151,Savings,2023-06-28 10:52:29,USD
ACC_01343,CUST_00485,Checking,2020-01-19 21:49:51,USD
ACC_01344,CUST_01484,Credit Card,2023-10-31 18:35:03,USD
ACC_01345,CUST_00509,Credit Card,2022-09-30 01:18:26,USD
ACC_01346,CUST_00099,Checking,2021-10-14 17:26:12,USD
ACC_01347,CUST_00780,Checking,2020-11-07 07:09:30,USD
ACC_01348,CUST_00401,Checking,2021-06-29 10:36:39,USD
ACC_01349,CUST_00318,Savings,2020-05-15 17:44:00,USD
ACC_01350,CUST_01238,Credit Card,2019-06-25 15:39:02,USD
ACC_01351,CUST_00214,Savings,2023-11-14 06:39:29,USD
ACC_01352,CUST_00602,Checking,2021-05-16 11:46:54,USD
ACC_01353,CUST_00560,Savings,2021-11-29 17:28:53,USD
ACC_01354,CUST_00195,Credit Card,2020-08-31 14:46:56,USD
ACC_01355,CUST_01290,Credit Card,2020-05-26 19:32:51,USD
ACC_01356,CUST_00252,Checking,2020-06-19 07:31:50,USD
ACC_01357,CUST_00376,Credit Card,2022-08-29 18:26:10,USD
ACC_01358,CUST_00423,Savings,2023-06-26 12:42:29,USD
ACC_01359,CUST_00843,Credit Card,2020-12-21 05:48:57,USD
ACC_01360,CUST_01388,Checking,2020-10-13 18:00:16,USD
ACC_01361,CUST_01299,Checking,2021-02-06 00:48:33,USD
ACC_01362,CUST_00076,Credit Card,2022-06-23 20:41:40,USD
ACC_01363,CUST_01027,Savings,2022-01-24 10:05:11,USD
ACC_01364,CUST_01437,Savings,2019-05-19 23:12:25,USD
ACC_01365,CUST_00901,Credit Card,2020-04-18 22:11:27,USD
ACC_01366,CUST_01364,Credit Card,2019-04-20 18:53:59,USD
ACC_01367,CUST_01003,Checking,2023-04-17 22:19:45,USD
ACC_01368,CUST_00338,Credit Card,2020-10-24 18:13:17,USD
ACC_01369,CUST_01036,Credit Card,2020-01-25 15:29:22,USD
ACC_01370,CUST_00352,Savings,2022-11-11 06:47:52,USD
ACC_01371,CUST_00455,Savings,2022-08-12 22:47:37,USD
ACC_01372,CUST_00696,Credit Card,2019-12-24 09:54:14,USD
ACC_01373,CUST_00771,Checking,2020-06-25 20:25:02,USD
ACC_01374,CUST_00716,Savings,2020-02-03 11:04:25,USD
ACC_01375,CUST_01460,Credit Card,2019-12-31 18:00:46,USD
ACC_01376,CUST_01444,Savings,2022-09-05 14:49:19,USD
ACC_01377,CUST_01303,Checking,2020-01-07 05:16:38,USD
ACC_01378,CUST_00326,Savings,2019-04-30 13:14:49,USD
ACC_01379,CUST_00832,Savings,2019-09-11 08:24:26,USD
ACC_01380,CUST_01180,Checking,2020-07-22 03:06:02,USD
ACC_01381,CUST_01440,Credit Card,2023-06-11 03:21:16,USD
ACC_01382,CUST_01022,Checking,2021-05-10 13:20:42,USD
ACC_01383,CUST_01245,Credit Card,2022-11-29 13:54:51,USD
ACC_01384,CUST_00467,Credit Card,2023-08-24 15:24:45,USD
ACC_01385,CUST_01338,Savings,2022-10-20 23:18:36,USD
ACC_01386,CUST_00180,Savings,2019-12-10 23:40:44,USD
ACC_01387,CUST_00439,Savings,2021-07-30 12:55:57,USD
ACC_01388,CUST_00836,Credit Card,2021-09-18 10:48:30,USD
ACC_01389,CUST_00727,Checking,2019-04-03 17:36:57,USD
ACC_01390,CUST_01145,Savings,2021-03-08 09:47:03,USD
ACC_01391,CUST_00230,Checking,2019-05-23 02:24:03,USD
ACC_01392,CUST_01398,Savings,2022-02-03 05:20:12,USD
ACC_01393,CUST_00356,Savings,2022-09-10 19:55:00,USD
ACC_01394,CUST_01325,Savings,2023-01-19 16:20:31,USD
ACC_01395,CUST_00714,Credit Card,2020-07-13 06:46:31,USD
ACC_01396,CUST_00266,Savings,2022-02-16 18:36:36,USD
ACC_01397,CUST_00604,Savings,2022-10-26 03:29:26,USD
ACC_01398,CUST_00577,Credit Card,2022-07-25 19:27:09,USD
ACC_01399,CUST_00349,Checking,2020-02-17 19:55:02,USD
ACC_01400,CUST_00446,Savings,2022-05-29 04:49:27,USD
ACC_01401,CUST_01359,Checking,2021-12-04 07:45:22,USD
ACC_01402,CUST_01119,Checking,2021-11-24 13:57:31,USD
ACC_01403,CUST_01354,Checking,2019-11-04 21:19:38,USD
ACC_01404,CUST_00600,Checking,2021-12-27 20:01:14,USD
ACC_01405,CUST_00399,Checking,2020-03-25 21:15:41,USD
ACC_01406,CUST_01431,Checking,2023-05-17 00:12:34,USD
ACC_01407,CUST_00212,Savings,2022-04-12 16:35:32,USD
ACC_01408,CUST_01063,Checking,2020-10-10 04:58:15,USD
ACC_01409,CUST_01406,Savings,2021-10-26 16:54:16,USD
ACC_01410,CUST_00760,Savings,2022-06-18 13:02:38,USD
ACC_01411,CUST_00438,Credit Card,2021-08-31 19:54:27,USD
ACC_01412,CUST_01032,Checking,2022-06-18 19:09:15,USD
ACC_01413,CUST_00512,Savings,2022-07-04 03:58:27,USD
ACC_01414,CUST_00724,Credit Card,2023-04-06 05:34:14,USD
ACC_01415,CUST_00319,Savings,2023-12-29 01:23:36,USD
ACC_01416,CUST_01039,Credit Card,2022-12-07 14:54:06,USD
ACC_01417,CUST_00958,Credit Card,2020-06-11 11:04:10,USD
ACC_01418,CUST_00546,Savings,2020-07-23 00:27:23,USD
ACC_01419,CUST_00125,Credit Card,2020-08-23 15:55:35,USD
ACC_01420,CUST_00608,Credit Card,2019-10-30 23:03:48,USD
ACC_01421,CUST_01430,Checking,2021-01-25 03:17:37,USD
ACC_01422,CUST_00298,Checking,2021-02-08 17:59:12,USD
ACC_01423,CUST_00968,Checking,2022-08-10 03:04:30,USD
ACC_01424,CUST_01392,Checking,2020-04-14 23:40:26,USD
ACC_01425,CUST_00033,Credit Card,2020-05-14 22:41:58,USD
ACC_01426,CUST_00576,Savings,2020-09-30 05:50:09,USD
ACC_01427,CUST_00906,Savings,2019-02-14 01:35:05,USD
ACC_01428,CUST_00973,Credit Card,2022-04-08 00:13:25,USD
ACC_01429,CUST_00152,Savings,2021-08-28 14:38:03,USD
ACC_01430,CUST_00585,Savings,2020-03-13 13:11:21,USD
ACC_01431,CUST_01414,Credit Card,2020-05-22 01:32:00,USD
ACC_01432,CUST_00874,Credit Card,2023-06-25 07:47:18,USD
ACC_01433,CUST_00899,Checking,2022-06-17 13:46:27,USD
ACC_01434,CUST_01493,Checking,2020-07-27 05:00:46,USD
ACC_01435,CUST_00060,Checking,2021-01-26 21:55:06,USD
ACC_01436,CUST_00891,Credit Card,2021-03-25 00:17:58,USD
ACC_01437,CUST_00659,Checking,2019-05-17 11:06:54,USD
ACC_01438,CUST_00190,Savings,2019-01-14 10:20:34,USD
ACC_01439,CUST_00296,Checking,2021-02-08 12:11:44,USD
ACC_01440,CUST_01015,Checking,2019-03-26 09:08:49,USD
ACC_01441,CUST_00770,Credit Card,2021-12-24 09:24:02,USD
ACC_01442,CUST_00217,Checking,2022-12-25 09:58:17,USD
ACC_01443,CUST_00284,Checking,2021-07-04 07:38:23,USD
ACC_01444,CUST_00454,Credit Card,2023-10-30 22:21:12,USD
ACC_01445,CUST_00734,Checking,2021-09-19 12:21:58,USD
ACC_01446,CUST_00092,Checking,2020-08-07 09:35:43,USD
ACC_01447,CUST_01139,Savings,2023-10-02 15:22:52,USD
ACC_01448,CUST_00363,Checking,2020-01-21 02:13:10,USD
ACC_01449,CUST_00740,Checking,2019-10-11 17:57:04,USD
ACC_01450,CUST_01307,Savings,2020-05-19 19:05:48,USD
ACC_01451,CUST_00523,Savings,2022-09-21 07:30:19,USD
ACC_01452,CUST_01409,Checking,2021-02-16 02:50:26,USD
ACC_01453,CUST_00301,Savings,2019-07-15 03:25:22,USD
ACC_01454,CUST_01239,Savings,2020-02-26 01:47:49,USD
ACC_01455,CUST_00519,Checking,2021-08-09 15:22:31,USD
ACC_01456,CUST_00133,Checking,2020-07-16 19:08:07,USD
ACC_01457,CUST_01211,Savings,2019-09-08 15:15:38,USD
ACC_01458,CUST_00062,Savings,2019-03-12 16:08:58,USD
ACC_01459,CUST_00821,Checking,2023-11-06 23:53:12,USD
ACC_01460,CUST_00884,Savings,2023-09-05 10:44:40,USD
ACC_01461,CUST_00681,Checking,2022-03-14 21:20:57,USD
ACC_01462,CUST_00936,Savings,2019-07-24 01:42:03,USD
ACC_01463,CUST_01168,Savings,2023-06-08 18:40:44,USD
ACC_01464,CUST_00749,Checking,2019-07-13 03:05:06,USD
ACC_01465,CUST_00857,Savings,2019-11-21 17:34:29,USD
ACC_01466,CUST_01491,Savings,2021-03-30 00:39:55,USD
ACC_01467,CUST_00561,Savings,2023-11-06 18:02:14,USD
ACC_01468,CUST_00362,Checking,2023-10-16 01:25:02,USD
ACC_01469,CUST_01179,Credit Card,2022-12-13 01:11:43,USD
ACC_01470,CUST_00123,Savings,2019-07-19 05:49:42,USD
ACC_01471,CUST_00969,Savings,2021-03-04 19:41:46,USD
ACC_01472,CUST_00315,Credit Card,2023-09-10 12:32:51,USD
ACC_01473,CUST_00218,Checking,2019-03-02 06:59:08,USD
ACC_01474,CUST_00449,Credit Card,2022-12-20 18:04:04,USD
ACC_01475,CUST_01292,Credit Card,2019-01-31 04:14:39,USD
ACC_01476,CUST_00824,Savings,2023-07-06 10:52:13,USD
ACC_01477,CUST_01458,Savings,2023-01-05 03:31:24,USD
ACC_01478,CUST_00471,Checking,2023-01-25 11:17:35,USD
ACC_01479,CUST_01500,Credit Card,2023-08-21 19:02:22,USD
ACC_01480,CUST_00030,Checking,2022-04-07 08:33:46,USD
ACC_01481,CUST_00154,Checking,2020-03-17 18:45:17,USD
ACC_01482,CUST_01165,Credit Card,2021-07-28 20:27:10,USD
ACC_01483,CUST_00427,Checking,2020-06-08 20:12:39,USD
ACC_01484,CUST_00518,Checking,2021-08-13 01:06:46,USD
ACC_01485,CUST_00670,Credit Card,2021-10-26 00:24:24,USD
ACC_01486,CUST_00776,Savings,2020-04-21 04:33:50,USD
ACC_01487,CUST_00066,Checking,2022-07-14 00:48:58,USD
ACC_01488,CUST_01444,Savings,2023-08-05 07:27:45,USD
ACC_01489,CUST_01416,Savings,2021-12-10 10:55:33,USD
ACC_01490,CUST_00406,Credit Card,2021-08-25 04:35:00,USD
ACC_01491,CUST_00658,Credit Card,2020-07-05 08:30:51,USD
ACC_01492,CUST_00569,Checking,2019-05-12 07:37:23,USD
ACC_01493,CUST_00731,Checking,2020-10-06 14:12:08,USD
ACC_01494,CUST_01152,Savings,2020-08-26 22:12:34,USD
ACC_01495,CUST_00290,Savings,2023-03-24 02:01:57,USD
ACC_01496,CUST_00192,Savings,2019-01-17 22:27:03,USD
ACC_01497,CUST_01280,Checking,2023-11-10 17:31:20,USD
ACC_01498,CUST_00210,Checking,2021-09-10 00:40:47,USD
ACC_01499,CUST_00248,Checking,2019-04-21 15:30:50,USD
ACC_01500,CUST_01438,Checking,2023-08-03 13:26:11,USD
ACC_01501,CUST_00489,Savings,2021-11-25 17:43:10,USD
ACC_01502,CUST_01156,Credit Card,2022-03-04 01:54:30,USD
ACC_01503,CUST_00382,Credit Card,2022-04-09 17:52:44,USD
ACC_01504,CUST_00948,Savings,2020-10-30 08:12:58,USD
ACC_01505,CUST_00812,Checking,2019-02-25 13:28:05,USD
ACC_01506,CUST_01452,Checking,2021-10-08 13:49:02,USD
ACC_01507,CUST_00944,Savings,2022-06-25 12:46:08,USD
ACC_01508,CUST_00534,Credit Card,2023-05-21 17:00:10,USD
ACC_01509,CUST_01399,Credit Card,2020-07-04 21:03:51,USD
ACC_01510,CUST_00270,Savings,2022-12-20 18:01:30,USD
ACC_01511,CUST_01304,Checking,2022-10-14 06:43:02,USD
ACC_01512,CUST_01075,Checking,2020-10-14 02:00:02,USD
ACC_01513,CUST_00121,Credit Card,2022-03-19 10:20:44,USD
ACC_01514,CUST_00160,Credit Card,2021-05-15 14:50:34,USD
ACC_01515,CUST_01235,Savings,2021-09-22 07:12:51,USD
ACC_01516,CUST_01373,Credit Card,2023-04-17 19:45:08,USD
ACC_01517,CUST_01478,Savings,2023-12-08 05:16:31,USD
ACC_01518,CUST_01207,Checking,2023-12-05 20:00:40,USD
ACC_01519,CUST_00214,Credit Card,2019-02-20 07:45:19,USD
ACC_01520,CUST_00146,Credit Card,2020-04-21 15:15:57,USD
ACC_01521,CUST_00161,Credit Card,2021-04-20 06:39:32,USD
ACC_01522,CUST_01401,Credit Card,2021-01-01 20:59:43,USD
ACC_01523,CUST_01001,Checking,2022-08-07 05:52:29,USD
ACC_01524,CUST_00344,Checking,2021-01-26 04:35:27,USD
ACC_01525,CUST_00603,Savings,2019-08-28 11:46:44,USD
ACC_01526,CUST_00344,Checking,2023-06-02 18:14:54,USD
ACC_01527,CUST_01323,Credit Card,2023-09-19 14:56:32,USD
ACC_01528,CUST_01076,Credit Card,2021-08-28 00:29:10,USD
ACC_01529,CUST_00718,Savings,2023-01-23 13:11:43,USD
ACC_01530,CUST_00190,Checking,2021-06-08 16:37:53,USD
ACC_01531,CUST_00296,Credit Card,2019-08-27 16:07:46,USD
ACC_01532,CUST_01024,Credit Card,2022-06-01 04:02:42,USD
ACC_01533,CUST_00661,Checking,2023-06-09 14:42:21,USD
ACC_01534,CUST_00627,Checking,2023-10-28 13:36:15,USD
ACC_01535,CUST_00261,Savings,2021-06-06 01:55:27,USD
ACC_01536,CUST_01494,Savings,2021-11-07 10:11:12,USD
ACC_01537,CUST_01092,Checking,2023-06-15 21:15:46,USD
ACC_01538,CUST_00589,Savings,2021-03-17 11:34:02,USD
ACC_01539,CUST_00676,Credit Card,2020-10-26 21:43:57,USD
ACC_01540,CUST_00449,Checking,2023-08-07 03:57:25,USD
ACC_01541,CUST_00408,Savings,2022-05-30 06:37:39,USD
ACC_01542,CUST_01142,Credit Card,2020-01-05 06:55:40,USD
ACC_01543,CUST_00932,Savings,2020-07-13 12:32:57,USD
ACC_01544,CUST_00088,Checking,2021-08-04 08:43:52,USD
ACC_01545,CUST_00271,Checking,2021-11-24 16:43:04,USD
ACC_01546,CUST_00424,Checking,2019-06-22 17:30:18,USD
ACC_01547,CUST_00543,Credit Card,2020-03-08 21:46:27,USD
ACC_01548,CUST_00802,Credit Card,2019-11-08 19:02:15,USD
ACC_01549,CUST_00494,Credit Card,2020-11-21 06:02:06,USD
ACC_01550,CUST_01017,Credit Card,2022-07-02 14:36:35,USD
ACC_01551,CUST_01093,Checking,2019-02-10 03:12:00,USD
ACC_01552,CUST_00579,Checking,2021-03-16 17:48:20,USD
ACC_01553,CUST_01228,Savings,2021-11-22 08:31:04,USD
ACC_01554,CUST_01360,Credit Card,2022-05-04 11:37:17,USD
ACC_01555,CUST_01359,Savings,2022-09-20 07:49:51,USD
ACC_01556,CUST_01242,Checking,2023-02-21 21:38:27,USD
ACC_01557,CUST_01144,Savings,2022-10-26 14:58:22,USD
ACC_01558,CUST_00058,Savings,2019-09-19 02:17:40,USD
ACC_01559,CUST_01238,Savings,2023-01-06 16:34:28,USD
ACC_01560,CUST_01269,Checking,2023-02-15 23:14:02,USD
ACC_01561,CUST_00183,Savings,2020-12-20 09:27:31,USD
ACC_01562,CUST_00138,Savings,2022-07-19 08:41:50,USD
ACC_01563,CUST_00431,Credit Card,2022-03-02 19:19:54,USD
ACC_01564,CUST_00459,Checking,2019-08-04 19:05:04,USD
ACC_01565,CUST_00036,Checking,2023-01-05 14:51:06,USD
ACC_01566,CUST_00197,Credit Card,2020-12-29 05:23:48,USD
ACC_01567,CUST_00393,Savings,2020-03-30 02:50:48,USD
ACC_01568,CUST_00643,Credit Card,2019-01-31 18:20:16,USD
ACC_01569,CUST_00728,Credit Card,2022-05-06 17:03:47,USD
ACC_01570,CUST_00074,Checking,2021-11-27 07:57:04,USD
ACC_01571,CUST_00690,Savings,2022-05-10 23:22:32,USD
ACC_01572,CUST_00246,Credit Card,2021-08-28 19:02:51,USD
ACC_01573,CUST_00057,Credit Card,2020-07-05 11:39:04,USD
ACC_01574,CUST_00451,Checking,2022-07-24 21:07:48,USD
ACC_01575,CUST_00567,Savings,2019-06-10 23:19:04,USD
ACC_01576,CUST_00824,Checking,2020-09-25 10:42:30,USD
ACC_01577,CUST_01235,Credit Card,2022-11-24 00:25:36,USD
ACC_01578,CUST_00406,Checking,2023-02-01 07:31:31,USD
ACC_01579,CUST_01361,Checking,2021-09-10 19:38:07,USD
ACC_01580,CUST_00010,Credit Card,2021-05-07 05:44:31,USD
ACC_01581,CUST_00126,Checking,2019-11-02 18:45:44,USD
ACC_01582,CUST_00414,Checking,2022-02-02 20:35:09,USD
ACC_01583,CUST_00577,Credit Card,2020-11-09 11:20:54,USD
ACC_01584,CUST_00257,Credit Card,2019-05-09 18:50:41,USD
ACC_01585,CUST_00392,Checking,2022-04-26 04:04:29,USD
ACC_01586,CUST_00695,Credit Card,2020-07-29 19:20:45,USD
ACC_01587,CUST_01420,Checking,2023-12-08 18:22:29,USD
ACC_01588,CUST_01304,Credit Card,2022-08-23 04:58:36,USD
ACC_01589,CUST_01267,Checking,2023-05-28 21:48:32,USD
ACC_01590,CUST_01405,Credit Card,2021-10-19 15:09:41,USD
ACC_01591,CUST_00004,Checking,2020-05-09 12:13:37,USD
ACC_01592,CUST_00686,Credit Card,2019-03-22 15:37:22,USD
ACC_01593,CUST_00190,Checking,2022-02-20 01:54:56,USD
ACC_01594,CUST_00761,Credit Card,2021-03-31 14:32:40,USD
ACC_01595,CUST_00764,Checking,2021-04-22 23:47:21,USD
ACC_01596,CUST_00507,Savings,2021-09-25 09:39:33,USD
ACC_01597,CUST_01040,Credit Card,2020-01-28 04:23:07,USD
ACC_01598,CUST_00661,Savings,2019-12-31 09:31:10,USD
ACC_01599,CUST_00982,Savings,2020-09-29 07:39:42,USD
ACC_01600,CUST_01061,Savings,2020-11-11 17:15:05,USD
ACC_01601,CUST_01092,Credit Card,2023-03-27 16:39:31,USD
ACC_01602,CUST_00839,Checking,2019-01-05 10:27:32,USD
ACC_01603,CUST_00537,Credit Card,2021-12-10 03:49:59,USD
ACC_01604,CUST_00599,Credit Card,2019-02-06 12:02:23,USD
ACC_01605,CUST_00174,Savings,2021-05-31 19:08:47,USD
ACC_01606,CUST_01413,Savings,2020-06-09 23:53:12,USD
ACC_01607,CUST_01161,Savings,2022-03-21 19:03:35,USD
ACC_01608,CUST_00654,Savings,2023-08-02 11:25:25,USD
ACC_01609,CUST_00504,Credit Card,2021-06-07 15:23:00,USD
ACC_01610,CUST_01272,Credit Card,2020-11-21 02:07:29,USD
ACC_01611,CUST_00366,Savings,2022-06-23 17:31:52,USD
ACC_01612,CUST_00574,Savings,2021-10-28 02:30:44,USD
ACC_01613,CUST_00896,Credit Card,2019-01-08 18:36:21,USD
ACC_01614,CUST_00941,Savings,2023-02-23 15:02:29,USD
ACC_01615,CUST_00531,Checking,2023-10-19 00:41:38,USD
ACC_01616,CUST_01465,Credit Card,2023-09-19 18:59:08,USD
ACC_01617,CUST_00355,Credit Card,2020-08-06 05:35:59,USD
ACC_01618,CUST_00863,Credit Card,2022-11-01 23:51:16,USD
ACC_01619,CUST_01006,Savings,2019-03-21 09:59:15,USD
ACC_01620,CUST_00004,Savings,2021-07-13 15:42:53,USD
ACC_01621,CUST_01092,Credit Card,2022-08-02 02:24:38,USD
ACC_01622,CUST_00579,Savings,2022-02-15 23:22:44,USD
ACC_01623,CUST_00499,Checking,2022-12-01 13:05:34,USD
ACC_01624,CUST_00569,Credit Card,2023-10-22 09:23:36,USD
ACC_01625,CUST_00200,Checking,2021-03-19 21:16:49,USD
ACC_01626,CUST_00278,Savings,2019-04-19 13:51:25,USD
ACC_01627,CUST_00336,Credit Card,2021-01-02 07:28:54,USD
ACC_01628,CUST_00501,Savings,2019-12-30 06:32:50,USD
ACC_01629,CUST_00148,Credit Card,2022-12-07 20:59:00,USD
ACC_01630,CUST_00163,Credit Card,2023-02-25 09:10:39,USD
ACC_01631,CUST_00433,Savings,2023-07-30 14:09:12,USD
ACC_01632,CUST_00146,Credit Card,2019-07-23 05:54:24,USD
ACC_01633,CUST_00341,Credit Card,2023-08-02 00:09:40,USD
ACC_01634,CUST_00251,Credit Card,2021-03-06 05:56:17,USD
ACC_01635,CUST_00155,Checking,2019-09-21 08:19:54,USD
ACC_01636,CUST_00562,Credit Card,2020-01-29 22:41:37,USD
ACC_01637,CUST_00271,Savings,2021-01-14 04:08:06,USD
ACC_01638,CUST_00136,Savings,2022-06-07 05:30:53,USD
ACC_01639,CUST_00376,Savings,2021-11-03 21:32:51,USD
ACC_01640,CUST_00916,Checking,2022-07-19 02:19:18,USD
ACC_01641,CUST_00962,Credit Card,2020-12-13 07:38:52,USD
ACC_01642,CUST_00385,Savings,2023-01-04 15:40:37,USD
ACC_01643,CUST_00443,Savings,2021-02-04 09:49:00,USD
ACC_01644,CUST_00975,Checking,2022-09-04 09:51:14,USD
ACC_01645,CUST_00375,Savings,2023-03-31 11:44:16,USD
ACC_01646,CUST_00320,Credit Card,2019-02-28 13:34:23,USD
ACC_01647,CUST_00449,Checking,2023-03-06 17:05:03,USD
ACC_01648,CUST_00298,Checking,2020-03-09 11:41:30,USD
ACC_01649,CUST_01485,Credit Card,2019-07-17 04:03:05,USD
ACC_01650,CUST_01426,Savings,2022-02-01 03:44:05,USD
ACC_01651,CUST_01170,Checking,2022-02-18 15:41:40,USD
ACC_01652,CUST_00278,Credit Card,2019-07-29 14:45:34,USD
ACC_01653,CUST_00880,Savings,2022-12-31 01:39:55,USD
ACC_01654,CUST_00022,Checking,2019-09-10 13:32:32,USD
ACC_01655,CUST_00689,Savings,2019-03-25 01:26:50,USD
ACC_01656,CUST_00011,Checking,2022-05-09 00:04:39,USD
ACC_01657,CUST_00602,Checking,2019-09-12 04:26:18,USD
ACC_01658,CUST_01370,Checking,2022-11-23 00:42:51,USD
ACC_01659,CUST_01023,Credit Card,2021-04-13 16:22:49,USD
ACC_01660,CUST_00186,Credit Card,2023-06-03 22:12:30,USD
ACC_01661,CUST_00495,Credit Card,2020-04-17 19:37:44,USD
ACC_01662,CUST_00409,Checking,2021-09-02 20:14:34,USD
ACC_01663,CUST_01085,Checking,2022-03-08 03:07:47,USD
ACC_01664,CUST_01168,Checking,2019-03-14 00:56:55,USD
ACC_01665,CUST_00367,Checking,2021-06-14 08:10:04,USD
ACC_01666,CUST_01436,Savings,2023-10-17 13:23:00,USD
ACC_01667,CUST_00535,Checking,2023-12-31 00:07:22,USD
ACC_01668,CUST_01304,Checking,2023-05-07 19:27:24,USD
ACC_01669,CUST_01060,Checking,2023-05-07 20:03:25,USD
ACC_01670,CUST_00223,Savings,2023-12-01 01:04:31,USD
ACC_01671,CUST_00336,Checking,2021-06-12 19:36:15,USD
ACC_01672,CUST_01358,Credit Card,2021-05-30 15:34:56,USD
ACC_01673,CUST_01035,Savings,2020-05-22 08:52:58,USD
ACC_01674,CUST_01435,Checking,2019-09-23 18:30:00,USD
ACC_01675,CUST_00217,Savings,2020-11-29 18:22:03,USD
ACC_01676,CUST_01053,Savings,2020-04-30 19:51:01,USD
ACC_01677,CUST_01254,Checking,2020-10-11 18:17:28,USD
ACC_01678,CUST_00484,Credit Card,2022-08-21 02:15:23,USD
ACC_01679,CUST_00516,Savings,2020-11-26 12:56:12,USD
ACC_01680,CUST_00978,Savings,2021-05-02 17:38:24,USD
ACC_01681,CUST_00998,Savings,2020-04-15 04:07:11,USD
ACC_01682,CUST_00258,Credit Card,2019-06-03 14:43:09,USD
ACC_01683,CUST_01206,Credit Card,2019-03-31 10:53:27,USD
ACC_01684,CUST_00234,Checking,2023-10-30 17:11:40,USD
ACC_01685,CUST_01028,Savings,2023-07-15 20:45:12,USD
ACC_01686,CUST_00628,Checking,2019-05-13 10:13:06,USD
ACC_01687,CUST_00764,Checking,2020-05-07 02:11:46,USD
ACC_01688,CUST_00446,Savings,2021-04-02 03:16:54,USD
ACC_01689,CUST_00691,Savings,2021-04-01 18:25:56,USD
ACC_01690,CUST_00147,Savings,2023-09-08 01:08:17,USD
ACC_01691,CUST_00985,Credit Card,2021-04-03 17:50:04,USD
ACC_01692,CUST_01390,Credit Card,2019-11-17 19:52:33,USD
ACC_01693,CUST_01219,Credit Card,2021-10-30 02:22:13,USD
ACC_01694,CUST_00831,Credit Card,2020-09-28 05:15:40,USD
ACC_01695,CUST_01475,Credit Card,2020-02-02 12:17:31,USD
ACC_01696,CUST_01171,Checking,2023-11-09 20:37:47,USD
ACC_01697,CUST_00783,Checking,2021-03-11 22:32:24,USD
ACC_01698,CUST_01266,Credit Card,2023-06-05 07:12:58,USD
ACC_01699,CUST_00477,Checking,2019-01-03 04:23:07,USD
ACC_01700,CUST_00112,Savings,2019-05-19 00:28:13,USD
ACC_01701,CUST_00636,Credit Card,2022-12-29 22:50:27,USD
ACC_01702,CUST_00068,Savings,2022-03-06 04:02:47,USD
ACC_01703,CUST_00632,Credit Card,2021-10-19 17:35:28,USD
ACC_01704,CUST_01044,Checking,2022-12-22 12:19:06,USD
ACC_01705,CUST_00803,Credit Card,2019-10-13 22:39:30,USD
ACC_01706,CUST_00981,Checking,2019-06-23 09:22:37,USD
ACC_01707,CUST_00904,Savings,2022-10-06 10:57:08,USD
ACC_01708,CUST_00301,Credit Card,2020-02-24 14:50:52,USD
ACC_01709,CUST_01349,Credit Card,2023-02-14 23:41:54,USD
ACC_01710,CUST_01427,Checking,2019-06-26 23:28:21,USD
ACC_01711,CUST_00594,Checking,2020-02-24 12:24:17,USD
ACC_01712,CUST_01319,Savings,2019-12-30 16:15:08,USD
ACC_01713,CUST_01472,Savings,2019-03-06 20:18:31,USD
ACC_01714,CUST_00971,Checking,2023-07-02 05:05:50,USD
ACC_01715,CUST_00306,Credit Card,2023-03-02 15:38:15,USD
ACC_01716,CUST_00588,Checking,2021-02-28 20:52:12,USD
ACC_01717,CUST_00365,Credit Card,2023-10-25 23:16:44,USD
ACC_01718,CUST_00549,Checking,2020-02-16 23:18:45,USD
ACC_01719,CUST_00556,Checking,2021-07-27 23:22:39,USD
ACC_01720,CUST_00015,Credit Card,2023-05-31 08:40:41,USD
ACC_01721,CUST_00080,Credit Card,2023-09-15 08:20:45,USD
ACC_01722,CUST_01290,Checking,2020-01-04 04:15:20,USD
ACC_01723,CUST_00701,Checking,2020-10-14 21:44:50,USD
ACC_01724,CUST_01443,Credit Card,2023-04-18 13:54:55,USD
ACC_01725,CUST_00071,Checking,2023-07-15 10:41:59,USD
ACC_01726,CUST_00953,Checking,2021-01-23 13:46:48,USD
ACC_01727,CUST_00661,Credit Card,2019-08-16 20:11:33,USD
ACC_01728,CUST_00498,Credit Card,2019-02-10 19:17:46,USD
ACC_01729,CUST_01025,Credit Card,2020-05-21 17:34:33,USD
ACC_01730,CUST_01116,Savings,2019-12-15 00:42:14,USD
ACC_01731,CUST_01243,Credit Card,2022-09-15 22:35:59,USD
ACC_01732,CUST_00482,Checking,2022-06-06 08:42:54,USD
ACC_01733,CUST_00591,Savings,2021-03-01 12:55:36,USD
ACC_01734,CUST_01032,Checking,2021-01-30 04:33:00,USD
ACC_01735,CUST_00411,Credit Card,2022-08-10 17:07:20,USD
ACC_01736,CUST_00947,Savings,2023-10-02 03:46:28,USD
ACC_01737,CUST_00131,Savings,2019-01-28 06:39:07,USD
ACC_01738,CUST_01027,Savings,2023-07-01 12:23:29,USD
ACC_01739,CUST_01350,Savings,2022-10-18 03:33:08,USD
ACC_01740,CUST_00709,Savings,2023-09-13 17:49:46,USD
ACC_01741,CUST_00507,Credit Card,2020-05-22 10:27:27,USD
ACC_01742,CUST_01245,Credit Card,2021-04-19 12:59:07,USD
ACC_01743,CUST_00547,Credit Card,2021-10-18 23:40:26,USD
ACC_01744,CUST_00072,Credit Card,2022-08-19 06:33:54,USD
ACC_01745,CUST_00636,Credit Card,2021-06-09 13:49:10,USD
ACC_01746,CUST_00382,Credit Card,2021-08-30 20:02:40,USD
ACC_01747,CUST_00435,Checking,2022-01-31 09:13:36,USD
ACC_01748,CUST_01272,Credit Card,2021-11-11 06:03:01,USD
ACC_01749,CUST_01070,Checking,2023-05-06 22:36:39,USD
ACC_01750,CUST_01379,Savings,2020-02-27 17:18:54,USD
ACC_01751,CUST_00672,Savings,2022-02-25 23:59:29,USD
ACC_01752,CUST_00244,Savings,2019-09-13 23:51:46,USD
ACC_01753,CUST_01165,Checking,2021-11-05 01:19:34,USD
ACC_01754,CUST_01292,Savings,2021-06-04 05:23:44,USD
ACC_01755,CUST_01091,Credit Card,2022-10-09 21:41:36,USD
ACC_01756,CUST_00579,Savings,2020-08-21 02:25:43,USD
ACC_01757,CUST_00705,Checking,2023-09-22 10:52:51,USD
ACC_01758,CUST_00833,Checking,2021-01-13 03:09:03,USD
ACC_01759,CUST_00887,Checking,2021-06-03 20:22:34,USD
ACC_01760,CUST_00271,Credit Card,2021-04-22 06:56:06,USD
ACC_01761,CUST_00485,Checking,2021-05-05 07:10:25,USD
ACC_01762,CUST_01193,Checking,2021-04-06 17:58:48,USD
ACC_01763,CUST_00282,Savings,2023-09-26 21:42:52,USD
ACC_01764,CUST_00920,Credit Card,2019-03-22 15:33:11,USD
ACC_01765,CUST_00035,Credit Card,2023-03-06 21:34:31,USD
ACC_01766,CUST_00844,Savings,2019-08-02 12:57:52,USD
ACC_01767,CUST_01107,Checking,2022-12-22 03:27:16,USD
ACC_01768,CUST_00299,Checking,2022-08-28 07:02:32,USD
ACC_01769,CUST_00759,Credit Card,2023-05-10 13:39:14,USD
ACC_01770,CUST_00040,Credit Card,2019-01-14 20:28:12,USD
ACC_01771,CUST_01041,Checking,2023-12-10 11:10:56,USD
ACC_01772,CUST_00285,Checking,2020-08-08 21:28:25,USD
ACC_01773,CUST_01106,Checking,2019-06-14 13:10:06,USD
ACC_01774,CUST_00539,Savings,2019-08-18 00:34:00,USD
ACC_01775,CUST_00047,Savings,2020-09-23 19:57:49,USD
ACC_01776,CUST_00816,Credit Card,2022-05-07 02:43:41,USD
ACC_01777,CUST_00034,Credit Card,2020-05-17 10:00:06,USD
ACC_01778,CUST_01137,Savings,2022-09-22 10:10:21,USD
ACC_01779,CUST_00318,Credit Card,2019-08-19 17:56:44,USD
ACC_01780,CUST_00907,Savings,2019-10-26 22:09:16,USD
ACC_01781,CUST_00881,Savings,2022-10-13 19:13:21,USD
ACC_01782,CUST_01499,Savings,2022-03-02 03:45:35,USD
ACC_01783,CUST_01377,Savings,2021-05-28 01:32:02,USD
ACC_01784,CUST_01120,Checking,2020-03-22 03:08:35,USD
ACC_01785,CUST_00034,Savings,2020-05-03 03:29:51,USD
ACC_01786,CUST_01149,Credit Card,2020-04-21 06:24:06,USD
ACC_01787,CUST_00960,Credit Card,2020-08-26 17:54:49,USD
ACC_01788,CUST_01460,Checking,2021-11-22 02:04:47,USD
ACC_01789,CUST_00925,Savings,2022-08-11 22:27:47,USD
ACC_01790,CUST_00223,Checking,2022-12-21 05:14:12,USD
ACC_01791,CUST_01256,Savings,2022-04-12 01:02:08,USD
ACC_01792,CUST_01430,Checking,2019-12-27 02:52:26,USD
ACC_01793,CUST_01380,Checking,2023-06-12 22:04:10,USD
ACC_01794,CUST_01351,Savings,2019-05-06 07:57:46,USD
ACC_01795,CUST_00150,Savings,2019-09-09 22:54:38,USD
ACC_01796,CUST_00868,Savings,2021-04-03 12:52:53,USD
ACC_01797,CUST_00925,Credit Card,2019-12-30 23:26:41,USD
ACC_01798,CUST_00920,Credit Card,2020-03-16 21:02:32,USD
ACC_01799,CUST_00662,Checking,2021-06-30 08:34:11,USD
ACC_01800,CUST_00817,Credit Card,2023-09-03 06:09:24,USD
